Date,Open,High,Low,Close,Adj Close,Volume,Dividends,Stock Splits
2021-06-07 00:00:00-04:00,126.16999816894531,126.31999969482422,124.83000183105469,125.9000015258789,122.72126770019531,71057600,0.0,0.0
2021-06-08 00:00:00-04:00,126.5999984741211,128.4600067138672,126.20999908447266,126.73999786376953,123.5400390625,74403800,0.0,0.0
2021-06-09 00:00:00-04:00,127.20999908447266,127.75,126.5199966430664,127.12999725341797,123.92021942138672,56877900,0.0,0.0
2021-06-10 00:00:00-04:00,127.0199966430664,128.19000244140625,125.94000244140625,126.11000061035156,122.92596435546875,71186400,0.0,0.0
2021-06-11 00:00:00-04:00,126.52999877929688,127.44000244140625,126.0999984741211,127.3499984741211,124.1346664428711,53522400,0.0,0.0
2021-06-14 00:00:00-04:00,127.81999969482422,130.5399932861328,127.06999969482422,130.47999572753906,127.18563079833984,96906500,0.0,0.0
2021-06-15 00:00:00-04:00,129.94000244140625,130.60000610351562,129.38999938964844,129.63999938964844,126.36683654785156,62746300,0.0,0.0
2021-06-16 00:00:00-04:00,130.3699951171875,130.88999938964844,128.4600067138672,130.14999389648438,126.86394500732422,91815000,0.0,0.0
2021-06-17 00:00:00-04:00,129.8000030517578,132.5500030517578,129.64999389648438,131.7899932861328,128.46253967285156,96721700,0.0,0.0
2021-06-18 00:00:00-04:00,130.7100067138672,131.50999450683594,130.24000549316406,130.4600067138672,127.1661376953125,108953300,0.0,0.0
2021-06-21 00:00:00-04:00,130.3000030517578,132.41000366210938,129.2100067138672,132.3000030517578,128.959716796875,79663300,0.0,0.0
2021-06-22 00:00:00-04:00,132.1300048828125,134.0800018310547,131.6199951171875,133.97999572753906,130.59727478027344,74783600,0.0,0.0
2021-06-23 00:00:00-04:00,133.77000427246094,134.32000732421875,133.22999572753906,133.6999969482422,130.3243408203125,60214200,0.0,0.0
2021-06-24 00:00:00-04:00,134.4499969482422,134.63999938964844,132.92999267578125,133.41000366210938,130.0416259765625,68711000,0.0,0.0
2021-06-25 00:00:00-04:00,133.4600067138672,133.88999938964844,132.80999755859375,133.11000061035156,129.7492218017578,70783700,0.0,0.0
2021-06-28 00:00:00-04:00,133.41000366210938,135.25,133.35000610351562,134.77999877929688,131.37705993652344,62111300,0.0,0.0
2021-06-29 00:00:00-04:00,134.8000030517578,136.49000549316406,134.35000610351562,136.3300018310547,132.8878936767578,64556100,0.0,0.0
2021-06-30 00:00:00-04:00,136.1699981689453,137.41000366210938,135.8699951171875,136.9600067138672,133.5019989013672,63261400,0.0,0.0
2021-07-01 00:00:00-04:00,136.60000610351562,137.3300018310547,135.75999450683594,137.27000427246094,133.80419921875,52485800,0.0,0.0
2021-07-02 00:00:00-04:00,137.89999389648438,140.0,137.75,139.9600067138672,136.42626953125,78852600,0.0,0.0
2021-07-06 00:00:00-04:00,140.07000732421875,143.14999389648438,140.07000732421875,142.02000427246094,138.43426513671875,108181800,0.0,0.0
2021-07-07 00:00:00-04:00,143.5399932861328,144.88999938964844,142.66000366210938,144.57000732421875,140.91989135742188,104911600,0.0,0.0
2021-07-08 00:00:00-04:00,141.5800018310547,144.05999755859375,140.6699981689453,143.24000549316406,139.62347412109375,105575500,0.0,0.0
2021-07-09 00:00:00-04:00,142.75,145.64999389648438,142.64999389648438,145.11000061035156,141.44625854492188,99890800,0.0,0.0
2021-07-12 00:00:00-04:00,146.2100067138672,146.32000732421875,144.0,144.5,140.85165405273438,76299700,0.0,0.0
2021-07-13 00:00:00-04:00,144.02999877929688,147.4600067138672,143.6300048828125,145.63999938964844,141.96287536621094,100827100,0.0,0.0
2021-07-14 00:00:00-04:00,148.10000610351562,149.57000732421875,147.67999267578125,149.14999389648438,145.3842010498047,127050800,0.0,0.0
2021-07-15 00:00:00-04:00,149.24000549316406,150.0,147.08999633789062,148.47999572753906,144.7311553955078,106820300,0.0,0.0
2021-07-16 00:00:00-04:00,148.4600067138672,149.75999450683594,145.8800048828125,146.38999938964844,142.6938934326172,93251400,0.0,0.0
2021-07-19 00:00:00-04:00,143.75,144.07000732421875,141.6699981689453,142.4499969482422,138.8533935546875,121434600,0.0,0.0
2021-07-20 00:00:00-04:00,143.4600067138672,147.10000610351562,142.9600067138672,146.14999389648438,142.45999145507812,96350000,0.0,0.0
2021-07-21 00:00:00-04:00,145.52999877929688,146.1300048828125,144.6300048828125,145.39999389648438,141.7289581298828,74993500,0.0,0.0
2021-07-22 00:00:00-04:00,145.94000244140625,148.1999969482422,145.80999755859375,146.8000030517578,143.09356689453125,77338200,0.0,0.0
2021-07-23 00:00:00-04:00,147.5500030517578,148.72000122070312,146.9199981689453,148.55999755859375,144.8091278076172,71447400,0.0,0.0
2021-07-26 00:00:00-04:00,148.27000427246094,149.8300018310547,147.6999969482422,148.99000549316406,145.22828674316406,72434100,0.0,0.0
2021-07-27 00:00:00-04:00,149.1199951171875,149.2100067138672,145.5500030517578,146.77000427246094,143.06431579589844,104818600,0.0,0.0
2021-07-28 00:00:00-04:00,144.80999755859375,146.97000122070312,142.5399932861328,144.97999572753906,141.31954956054688,118931200,0.0,0.0
2021-07-29 00:00:00-04:00,144.69000244140625,146.5500030517578,144.5800018310547,145.63999938964844,141.96287536621094,56699500,0.0,0.0
2021-07-30 00:00:00-04:00,144.3800048828125,146.3300018310547,144.11000061035156,145.86000061035156,142.17730712890625,70440600,0.0,0.0
2021-08-02 00:00:00-04:00,146.36000061035156,146.9499969482422,145.25,145.52000427246094,141.84591674804688,62880000,0.0,0.0
2021-08-03 00:00:00-04:00,145.80999755859375,148.0399932861328,145.17999267578125,147.36000061035156,143.63941955566406,64786600,0.0,0.0
2021-08-04 00:00:00-04:00,147.27000427246094,147.7899932861328,146.27999877929688,146.9499969482422,143.2397918701172,56368300,0.0,0.0
2021-08-05 00:00:00-04:00,146.97999572753906,147.83999633789062,146.1699981689453,147.05999755859375,143.34703063964844,46397700,0.0,0.0
2021-08-06 00:00:00-04:00,146.35000610351562,147.11000061035156,145.6300048828125,146.13999938964844,142.66368103027344,54126800,0.22,0.0
2021-08-09 00:00:00-04:00,146.1999969482422,146.6999969482422,145.52000427246094,146.08999633789062,142.6148681640625,48908700,0.0,0.0
2021-08-10 00:00:00-04:00,146.44000244140625,147.7100067138672,145.3000030517578,145.60000610351562,142.13653564453125,69023100,0.0,0.0
2021-08-11 00:00:00-04:00,146.0500030517578,146.72000122070312,145.52999877929688,145.86000061035156,142.39031982421875,48493500,0.0,0.0
2021-08-12 00:00:00-04:00,146.19000244140625,149.0500030517578,145.83999633789062,148.88999938964844,145.34825134277344,72282600,0.0,0.0
2021-08-13 00:00:00-04:00,148.97000122070312,149.44000244140625,148.27000427246094,149.10000610351562,145.5532684326172,59375000,0.0,0.0
2021-08-16 00:00:00-04:00,148.5399932861328,151.19000244140625,146.47000122070312,151.1199951171875,147.5251922607422,103296000,0.0,0.0
2021-08-17 00:00:00-04:00,150.22999572753906,151.67999267578125,149.08999633789062,150.19000244140625,146.61732482910156,92229700,0.0,0.0
2021-08-18 00:00:00-04:00,149.8000030517578,150.72000122070312,146.14999389648438,146.36000061035156,142.8784637451172,86326000,0.0,0.0
2021-08-19 00:00:00-04:00,145.02999877929688,148.0,144.5,146.6999969482422,143.2103271484375,86960300,0.0,0.0
2021-08-20 00:00:00-04:00,147.44000244140625,148.5,146.77999877929688,148.19000244140625,144.66488647460938,60549600,0.0,0.0
2021-08-23 00:00:00-04:00,148.30999755859375,150.19000244140625,147.88999938964844,149.7100067138672,146.1487274169922,60131800,0.0,0.0
2021-08-24 00:00:00-04:00,149.4499969482422,150.86000061035156,149.14999389648438,149.6199951171875,146.06089782714844,48606400,0.0,0.0
2021-08-25 00:00:00-04:00,149.80999755859375,150.32000732421875,147.8000030517578,148.36000061035156,144.8308563232422,58991300,0.0,0.0
2021-08-26 00:00:00-04:00,148.35000610351562,149.1199951171875,147.50999450683594,147.5399932861328,144.0303497314453,48597200,0.0,0.0
2021-08-27 00:00:00-04:00,147.47999572753906,148.75,146.8300018310547,148.60000610351562,145.06517028808594,55802400,0.0,0.0
2021-08-30 00:00:00-04:00,149.0,153.49000549316406,148.61000061035156,153.1199951171875,149.47763061523438,90956700,0.0,0.0
2021-08-31 00:00:00-04:00,152.66000366210938,152.8000030517578,151.2899932861328,151.8300018310547,148.2183380126953,86453100,0.0,0.0
2021-09-01 00:00:00-04:00,152.8300018310547,154.97999572753906,152.33999633789062,152.50999450683594,148.88211059570312,80313700,0.0,0.0
2021-09-02 00:00:00-04:00,153.8699951171875,154.72000122070312,152.39999389648438,153.64999389648438,149.99502563476562,71115500,0.0,0.0
2021-09-03 00:00:00-04:00,153.75999450683594,154.6300048828125,153.08999633789062,154.3000030517578,150.62957763671875,57808700,0.0,0.0
2021-09-07 00:00:00-04:00,154.97000122070312,157.25999450683594,154.38999938964844,156.69000244140625,152.96270751953125,82278300,0.0,0.0
2021-09-08 00:00:00-04:00,156.97999572753906,157.0399932861328,153.97999572753906,155.11000061035156,151.42031860351562,74420200,0.0,0.0
2021-09-09 00:00:00-04:00,155.49000549316406,156.11000061035156,153.9499969482422,154.07000732421875,150.405029296875,57305700,0.0,0.0
2021-09-10 00:00:00-04:00,155.0,155.47999572753906,148.6999969482422,148.97000122070312,145.42640686035156,140893200,0.0,0.0
2021-09-13 00:00:00-04:00,150.6300048828125,151.4199981689453,148.75,149.5500030517578,145.99253845214844,102404300,0.0,0.0
2021-09-14 00:00:00-04:00,150.35000610351562,151.07000732421875,146.91000366210938,148.1199951171875,144.59657287597656,109296300,0.0,0.0
2021-09-15 00:00:00-04:00,148.55999755859375,149.44000244140625,146.3699951171875,149.02999877929688,145.48495483398438,83281300,0.0,0.0
2021-09-16 00:00:00-04:00,148.44000244140625,148.97000122070312,147.22000122070312,148.7899932861328,145.2506103515625,68034100,0.0,0.0
2021-09-17 00:00:00-04:00,148.82000732421875,148.82000732421875,145.75999450683594,146.05999755859375,142.58554077148438,129868800,0.0,0.0
2021-09-20 00:00:00-04:00,143.8000030517578,144.83999633789062,141.27000427246094,142.94000244140625,139.539794921875,123478900,0.0,0.0
2021-09-21 00:00:00-04:00,143.92999267578125,144.60000610351562,142.77999877929688,143.42999267578125,140.01812744140625,75834000,0.0,0.0
2021-09-22 00:00:00-04:00,144.4499969482422,146.42999267578125,143.6999969482422,145.85000610351562,142.3805694580078,76404300,0.0,0.0
2021-09-23 00:00:00-04:00,146.64999389648438,147.0800018310547,145.63999938964844,146.8300018310547,143.33724975585938,64838200,0.0,0.0
2021-09-24 00:00:00-04:00,145.66000366210938,147.47000122070312,145.55999755859375,146.9199981689453,143.4251251220703,53477900,0.0,0.0
2021-09-27 00:00:00-04:00,145.47000122070312,145.9600067138672,143.82000732421875,145.3699951171875,141.91195678710938,74150700,0.0,0.0
2021-09-28 00:00:00-04:00,143.25,144.75,141.69000244140625,141.91000366210938,138.53428649902344,108972300,0.0,0.0
2021-09-29 00:00:00-04:00,142.47000122070312,144.4499969482422,142.02999877929688,142.8300018310547,139.43238830566406,74602000,0.0,0.0
2021-09-30 00:00:00-04:00,143.66000366210938,144.3800048828125,141.27999877929688,141.5,138.134033203125,89056700,0.0,0.0
2021-10-01 00:00:00-04:00,141.89999389648438,142.9199981689453,139.11000061035156,142.64999389648438,139.2566680908203,94639600,0.0,0.0
2021-10-04 00:00:00-04:00,141.75999450683594,142.2100067138672,138.27000427246094,139.13999938964844,135.83018493652344,98322000,0.0,0.0
2021-10-05 00:00:00-04:00,139.49000549316406,142.24000549316406,139.36000061035156,141.11000061035156,137.7533416748047,80861100,0.0,0.0
2021-10-06 00:00:00-04:00,139.47000122070312,142.14999389648438,138.3699951171875,142.0,138.62213134765625,83221100,0.0,0.0
2021-10-07 00:00:00-04:00,143.05999755859375,144.22000122070312,142.72000122070312,143.2899932861328,139.8814697265625,61732700,0.0,0.0
2021-10-08 00:00:00-04:00,144.02999877929688,144.17999267578125,142.55999755859375,142.89999389648438,139.50074768066406,58773200,0.0,0.0
2021-10-11 00:00:00-04:00,142.27000427246094,144.80999755859375,141.80999755859375,142.80999755859375,139.4128875732422,64452200,0.0,0.0
2021-10-12 00:00:00-04:00,143.22999572753906,143.25,141.0399932861328,141.50999450683594,138.1437530517578,73035900,0.0,0.0
2021-10-13 00:00:00-04:00,141.24000549316406,141.39999389648438,139.1999969482422,140.91000366210938,137.55809020996094,78762700,0.0,0.0
2021-10-14 00:00:00-04:00,142.11000061035156,143.8800048828125,141.50999450683594,143.75999450683594,140.34027099609375,69907100,0.0,0.0
2021-10-15 00:00:00-04:00,143.77000427246094,144.89999389648438,143.50999450683594,144.83999633789062,141.39459228515625,67940300,0.0,0.0
2021-10-18 00:00:00-04:00,143.4499969482422,146.83999633789062,143.16000366210938,146.5500030517578,143.06390380859375,85589200,0.0,0.0
2021-10-19 00:00:00-04:00,147.00999450683594,149.1699981689453,146.5500030517578,148.75999450683594,145.2213592529297,76378900,0.0,0.0
2021-10-20 00:00:00-04:00,148.6999969482422,149.75,148.1199951171875,149.25999450683594,145.7094268798828,58418800,0.0,0.0
2021-10-21 00:00:00-04:00,148.80999755859375,149.63999938964844,147.8699951171875,149.47999572753906,145.92425537109375,61421000,0.0,0.0
2021-10-22 00:00:00-04:00,149.69000244140625,150.17999267578125,148.63999938964844,148.69000244140625,145.1529998779297,58883400,0.0,0.0
2021-10-25 00:00:00-04:00,148.67999267578125,149.3699951171875,147.6199951171875,148.63999938964844,145.10418701171875,50720600,0.0,0.0
2021-10-26 00:00:00-04:00,149.3300018310547,150.83999633789062,149.00999450683594,149.32000732421875,145.76803588867188,60893400,0.0,0.0
2021-10-27 00:00:00-04:00,149.36000061035156,149.72999572753906,148.49000549316406,148.85000610351562,145.3092041015625,56094900,0.0,0.0
2021-10-28 00:00:00-04:00,149.82000732421875,153.1699981689453,149.72000122070312,152.57000732421875,148.94073486328125,100077900,0.0,0.0
2021-10-29 00:00:00-04:00,147.22000122070312,149.94000244140625,146.41000366210938,149.8000030517578,146.23658752441406,124953200,0.0,0.0
2021-11-01 00:00:00-04:00,148.99000549316406,149.6999969482422,147.8000030517578,148.9600067138672,145.4165802001953,74588300,0.0,0.0
2021-11-02 00:00:00-04:00,148.66000366210938,151.57000732421875,148.64999389648438,150.02000427246094,146.45138549804688,69122000,0.0,0.0
2021-11-03 00:00:00-04:00,150.38999938964844,151.97000122070312,149.82000732421875,151.49000549316406,147.88644409179688,54511500,0.0,0.0
2021-11-04 00:00:00-04:00,151.5800018310547,152.42999267578125,150.63999938964844,150.9600067138672,147.3690185546875,60394600,0.0,0.0
2021-11-05 00:00:00-04:00,151.88999938964844,152.1999969482422,150.05999755859375,151.27999877929688,147.89695739746094,65463900,0.22,0.0
2021-11-08 00:00:00-05:00,151.41000366210938,151.57000732421875,150.16000366210938,150.44000244140625,147.07574462890625,55020900,0.0,0.0
2021-11-09 00:00:00-05:00,150.1999969482422,151.42999267578125,150.05999755859375,150.80999755859375,147.4374237060547,56787900,0.0,0.0
2021-11-10 00:00:00-05:00,150.02000427246094,150.1300048828125,147.85000610351562,147.9199981689453,144.61209106445312,65187100,0.0,0.0
2021-11-11 00:00:00-05:00,148.9600067138672,149.42999267578125,147.67999267578125,147.8699951171875,144.56320190429688,41000000,0.0,0.0
2021-11-12 00:00:00-05:00,148.42999267578125,150.39999389648438,147.47999572753906,149.99000549316406,146.63575744628906,63804000,0.0,0.0
2021-11-15 00:00:00-05:00,150.3699951171875,151.8800048828125,149.42999267578125,150.0,146.6455841064453,59222800,0.0,0.0
2021-11-16 00:00:00-05:00,149.94000244140625,151.49000549316406,149.33999633789062,151.0,147.6231689453125,59256200,0.0,0.0
2021-11-17 00:00:00-05:00,151.0,155.0,150.99000549316406,153.49000549316406,150.05752563476562,88807000,0.0,0.0
2021-11-18 00:00:00-05:00,153.7100067138672,158.6699981689453,153.0500030517578,157.8699951171875,154.33958435058594,137827700,0.0,0.0
2021-11-19 00:00:00-05:00,157.64999389648438,161.02000427246094,156.52999877929688,160.5500030517578,156.9595947265625,117305600,0.0,0.0
2021-11-22 00:00:00-05:00,161.67999267578125,165.6999969482422,161.0,161.02000427246094,157.4191436767578,117467900,0.0,0.0
2021-11-23 00:00:00-05:00,161.1199951171875,161.8000030517578,159.05999755859375,161.41000366210938,157.80039978027344,96041900,0.0,0.0
2021-11-24 00:00:00-05:00,160.75,162.13999938964844,159.63999938964844,161.94000244140625,158.3185577392578,69463600,0.0,0.0
2021-11-26 00:00:00-05:00,159.57000732421875,160.4499969482422,156.36000061035156,156.80999755859375,153.30328369140625,76959800,0.0,0.0
2021-11-29 00:00:00-05:00,159.3699951171875,161.19000244140625,158.7899932861328,160.24000549316406,156.65655517578125,88748200,0.0,0.0
2021-11-30 00:00:00-05:00,159.99000549316406,165.52000427246094,159.9199981689453,165.3000030517578,161.6033935546875,174048100,0.0,0.0
2021-12-01 00:00:00-05:00,167.47999572753906,170.3000030517578,164.52999877929688,164.77000427246094,161.0852508544922,152052500,0.0,0.0
2021-12-02 00:00:00-05:00,158.74000549316406,164.1999969482422,157.8000030517578,163.75999450683594,160.0978240966797,136739200,0.0,0.0
2021-12-03 00:00:00-05:00,164.02000427246094,164.9600067138672,159.72000122070312,161.83999633789062,158.22076416015625,118023100,0.0,0.0
2021-12-06 00:00:00-05:00,164.2899932861328,167.8800048828125,164.27999877929688,165.32000732421875,161.6229705810547,107497000,0.0,0.0
2021-12-07 00:00:00-05:00,169.0800018310547,171.5800018310547,168.33999633789062,171.17999267578125,167.3518829345703,120405400,0.0,0.0
2021-12-08 00:00:00-05:00,172.1300048828125,175.9600067138672,170.6999969482422,175.0800018310547,171.16468811035156,116998900,0.0,0.0
2021-12-09 00:00:00-05:00,174.91000366210938,176.75,173.9199981689453,174.55999755859375,170.65635681152344,108923700,0.0,0.0
2021-12-10 00:00:00-05:00,175.2100067138672,179.6300048828125,174.69000244140625,179.4499969482422,175.43701171875,115402700,0.0,0.0
2021-12-13 00:00:00-05:00,181.1199951171875,182.1300048828125,175.52999877929688,175.74000549316406,171.80992126464844,153237000,0.0,0.0
2021-12-14 00:00:00-05:00,175.25,177.74000549316406,172.2100067138672,174.3300018310547,170.4314727783203,139380400,0.0,0.0
2021-12-15 00:00:00-05:00,175.11000061035156,179.5,172.30999755859375,179.3000030517578,175.29034423828125,131063300,0.0,0.0
2021-12-16 00:00:00-05:00,179.27999877929688,181.13999938964844,170.75,172.25999450683594,168.4077911376953,150185800,0.0,0.0
2021-12-17 00:00:00-05:00,169.92999267578125,173.47000122070312,169.69000244140625,171.13999938964844,167.3128204345703,195432700,0.0,0.0
2021-12-20 00:00:00-05:00,168.27999877929688,170.5800018310547,167.4600067138672,169.75,165.9539337158203,107499100,0.0,0.0
2021-12-21 00:00:00-05:00,171.55999755859375,173.1999969482422,169.1199951171875,172.99000549316406,169.1214599609375,91185900,0.0,0.0
2021-12-22 00:00:00-05:00,173.0399932861328,175.86000061035156,172.14999389648438,175.63999938964844,171.71218872070312,92135300,0.0,0.0
2021-12-23 00:00:00-05:00,175.85000610351562,176.85000610351562,175.27000427246094,176.27999877929688,172.33786010742188,68356600,0.0,0.0
2021-12-27 00:00:00-05:00,177.08999633789062,180.4199981689453,177.07000732421875,180.3300018310547,176.29725646972656,74919600,0.0,0.0
2021-12-28 00:00:00-05:00,180.16000366210938,181.3300018310547,178.52999877929688,179.2899932861328,175.28054809570312,79144300,0.0,0.0
2021-12-29 00:00:00-05:00,179.3300018310547,180.6300048828125,178.13999938964844,179.3800048828125,175.36856079101562,62348900,0.0,0.0
2021-12-30 00:00:00-05:00,179.47000122070312,180.57000732421875,178.08999633789062,178.1999969482422,174.2149200439453,59773000,0.0,0.0
2021-12-31 00:00:00-05:00,178.08999633789062,179.22999572753906,177.25999450683594,177.57000732421875,173.59901428222656,64062300,0.0,0.0
2022-01-03 00:00:00-05:00,177.8300018310547,182.8800048828125,177.7100067138672,182.00999450683594,177.93971252441406,104487900,0.0,0.0
2022-01-04 00:00:00-05:00,182.6300048828125,182.94000244140625,179.1199951171875,179.6999969482422,175.68141174316406,99310400,0.0,0.0
2022-01-05 00:00:00-05:00,179.61000061035156,180.1699981689453,174.63999938964844,174.9199981689453,171.00831604003906,94537600,0.0,0.0
2022-01-06 00:00:00-05:00,172.6999969482422,175.3000030517578,171.63999938964844,172.0,168.15357971191406,96904000,0.0,0.0
2022-01-07 00:00:00-05:00,172.88999938964844,174.13999938964844,171.02999877929688,172.1699981689453,168.31976318359375,86709100,0.0,0.0
2022-01-10 00:00:00-05:00,169.0800018310547,172.5,168.1699981689453,172.19000244140625,168.33935546875,106765600,0.0,0.0
2022-01-11 00:00:00-05:00,172.32000732421875,175.17999267578125,170.82000732421875,175.0800018310547,171.16468811035156,76138300,0.0,0.0
2022-01-12 00:00:00-05:00,176.1199951171875,177.17999267578125,174.82000732421875,175.52999877929688,171.6046600341797,74805200,0.0,0.0
2022-01-13 00:00:00-05:00,175.77999877929688,176.6199951171875,171.7899932861328,172.19000244140625,168.33935546875,84505800,0.0,0.0
2022-01-14 00:00:00-05:00,171.33999633789062,173.77999877929688,171.08999633789062,173.07000732421875,169.19964599609375,80440800,0.0,0.0
2022-01-18 00:00:00-05:00,171.50999450683594,172.5399932861328,169.41000366210938,169.8000030517578,166.00279235839844,90956700,0.0,0.0
2022-01-19 00:00:00-05:00,170.0,171.0800018310547,165.94000244140625,166.22999572753906,162.51258850097656,94815000,0.0,0.0
2022-01-20 00:00:00-05:00,166.97999572753906,169.67999267578125,164.17999267578125,164.50999450683594,160.8311004638672,91420500,0.0,0.0
2022-01-21 00:00:00-05:00,164.4199981689453,166.3300018310547,162.3000030517578,162.41000366210938,158.77806091308594,122848900,0.0,0.0
2022-01-24 00:00:00-05:00,160.02000427246094,162.3000030517578,154.6999969482422,161.6199951171875,158.00572204589844,162294600,0.0,0.0
2022-01-25 00:00:00-05:00,158.97999572753906,162.75999450683594,157.02000427246094,159.77999877929688,156.20684814453125,115798400,0.0,0.0
2022-01-26 00:00:00-05:00,163.5,164.38999938964844,157.82000732421875,159.69000244140625,156.1188507080078,108275300,0.0,0.0
2022-01-27 00:00:00-05:00,162.4499969482422,163.83999633789062,158.27999877929688,159.22000122070312,155.6593475341797,121954600,0.0,0.0
2022-01-28 00:00:00-05:00,165.7100067138672,170.35000610351562,162.8000030517578,170.3300018310547,166.5209197998047,179935700,0.0,0.0
2022-01-31 00:00:00-05:00,170.16000366210938,175.0,169.50999450683594,174.77999877929688,170.8713836669922,115541600,0.0,0.0
2022-02-01 00:00:00-05:00,174.00999450683594,174.83999633789062,172.30999755859375,174.61000061035156,170.7052001953125,86213900,0.0,0.0
2022-02-02 00:00:00-05:00,174.75,175.8800048828125,173.3300018310547,175.83999633789062,171.90769958496094,84914300,0.0,0.0
2022-02-03 00:00:00-05:00,174.47999572753906,176.24000549316406,172.1199951171875,172.89999389648438,169.033447265625,89418100,0.0,0.0
2022-02-04 00:00:00-05:00,171.67999267578125,174.10000610351562,170.67999267578125,172.38999938964844,168.74960327148438,82465400,0.22,0.0
2022-02-07 00:00:00-05:00,172.86000061035156,173.9499969482422,170.9499969482422,171.66000366210938,168.03500366210938,77251200,0.0,0.0
2022-02-08 00:00:00-05:00,171.72999572753906,175.35000610351562,171.42999267578125,174.8300018310547,171.13800048828125,74829200,0.0,0.0
2022-02-09 00:00:00-05:00,176.0500030517578,176.64999389648438,174.89999389648438,176.27999877929688,172.55743408203125,71285000,0.0,0.0
2022-02-10 00:00:00-05:00,174.13999938964844,175.47999572753906,171.5500030517578,172.1199951171875,168.48526000976562,90865900,0.0,0.0
2022-02-11 00:00:00-05:00,172.3300018310547,173.0800018310547,168.0399932861328,168.63999938964844,165.07876586914062,98670700,0.0,0.0
2022-02-14 00:00:00-05:00,167.3699951171875,169.5800018310547,166.55999755859375,168.8800048828125,165.31369018554688,86185500,0.0,0.0
2022-02-15 00:00:00-05:00,170.97000122070312,172.9499969482422,170.25,172.7899932861328,169.14111328125,62527400,0.0,0.0
2022-02-16 00:00:00-05:00,171.85000610351562,173.33999633789062,170.0500030517578,172.5500030517578,168.90618896484375,61177400,0.0,0.0
2022-02-17 00:00:00-05:00,171.02999877929688,171.91000366210938,168.47000122070312,168.8800048828125,165.31369018554688,69589300,0.0,0.0
2022-02-18 00:00:00-05:00,169.82000732421875,170.5399932861328,166.19000244140625,167.3000030517578,163.7670440673828,82772700,0.0,0.0
2022-02-22 00:00:00-05:00,164.97999572753906,166.69000244140625,162.14999389648438,164.32000732421875,160.84999084472656,91162800,0.0,0.0
2022-02-23 00:00:00-05:00,165.5399932861328,166.14999389648438,159.75,160.07000732421875,156.6897430419922,90009200,0.0,0.0
2022-02-24 00:00:00-05:00,152.5800018310547,162.85000610351562,152.0,162.74000549316406,159.30337524414062,141147500,0.0,0.0
2022-02-25 00:00:00-05:00,163.83999633789062,165.1199951171875,160.8699951171875,164.85000610351562,161.3688201904297,91974200,0.0,0.0
2022-02-28 00:00:00-05:00,163.05999755859375,165.4199981689453,162.42999267578125,165.1199951171875,161.63308715820312,95056600,0.0,0.0
2022-03-01 00:00:00-05:00,164.6999969482422,166.60000610351562,161.97000122070312,163.1999969482422,159.7536163330078,83474400,0.0,0.0
2022-03-02 00:00:00-05:00,164.38999938964844,167.36000061035156,162.9499969482422,166.55999755859375,163.0426788330078,79724800,0.0,0.0
2022-03-03 00:00:00-05:00,168.47000122070312,168.91000366210938,165.5500030517578,166.22999572753906,162.71963500976562,76678400,0.0,0.0
2022-03-04 00:00:00-05:00,164.49000549316406,165.5500030517578,162.10000610351562,163.1699981689453,159.72425842285156,83737200,0.0,0.0
2022-03-07 00:00:00-05:00,163.36000061035156,165.02000427246094,159.0399932861328,159.3000030517578,155.93600463867188,96418800,0.0,0.0
2022-03-08 00:00:00-05:00,158.82000732421875,162.8800048828125,155.8000030517578,157.44000244140625,154.11526489257812,131148300,0.0,0.0
2022-03-09 00:00:00-05:00,161.47999572753906,163.41000366210938,159.41000366210938,162.9499969482422,159.50892639160156,91454900,0.0,0.0
2022-03-10 00:00:00-05:00,160.1999969482422,160.38999938964844,155.97999572753906,158.52000427246094,155.17247009277344,105342000,0.0,0.0
2022-03-11 00:00:00-05:00,158.92999267578125,159.27999877929688,154.5,154.72999572753906,151.46250915527344,96970100,0.0,0.0
2022-03-14 00:00:00-04:00,151.4499969482422,154.1199951171875,150.10000610351562,150.6199951171875,147.4392852783203,108732100,0.0,0.0
2022-03-15 00:00:00-04:00,150.89999389648438,155.57000732421875,150.3800048828125,155.08999633789062,151.81491088867188,92964300,0.0,0.0
2022-03-16 00:00:00-04:00,157.0500030517578,160.0,154.4600067138672,159.58999633789062,156.21990966796875,102300200,0.0,0.0
2022-03-17 00:00:00-04:00,158.61000061035156,161.0,157.6300048828125,160.6199951171875,157.22811889648438,75615400,0.0,0.0
2022-03-18 00:00:00-04:00,160.50999450683594,164.47999572753906,159.75999450683594,163.97999572753906,160.51715087890625,123511700,0.0,0.0
2022-03-21 00:00:00-04:00,163.50999450683594,166.35000610351562,163.00999450683594,165.3800048828125,161.8876190185547,95811400,0.0,0.0
2022-03-22 00:00:00-04:00,165.50999450683594,169.4199981689453,164.91000366210938,168.82000732421875,165.25502014160156,81532000,0.0,0.0
2022-03-23 00:00:00-04:00,167.99000549316406,172.63999938964844,167.64999389648438,170.2100067138672,166.61563110351562,98062700,0.0,0.0
2022-03-24 00:00:00-04:00,171.05999755859375,174.13999938964844,170.2100067138672,174.07000732421875,170.39413452148438,90131400,0.0,0.0
2022-03-25 00:00:00-04:00,173.8800048828125,175.27999877929688,172.75,174.72000122070312,171.03038024902344,80546200,0.0,0.0
2022-03-28 00:00:00-04:00,172.1699981689453,175.72999572753906,172.0,175.60000610351562,171.89178466796875,90371900,0.0,0.0
2022-03-29 00:00:00-04:00,176.69000244140625,179.00999450683594,176.33999633789062,178.9600067138672,175.1808624267578,100589400,0.0,0.0
2022-03-30 00:00:00-04:00,178.5500030517578,179.61000061035156,176.6999969482422,177.77000427246094,174.01596069335938,92633200,0.0,0.0
2022-03-31 00:00:00-04:00,177.83999633789062,178.02999877929688,174.39999389648438,174.61000061035156,170.92269897460938,103049300,0.0,0.0
2022-04-01 00:00:00-04:00,174.02999877929688,174.8800048828125,171.94000244140625,174.30999755859375,170.62904357910156,78751300,0.0,0.0
2022-04-04 00:00:00-04:00,174.57000732421875,178.49000549316406,174.44000244140625,178.44000244140625,174.6718292236328,76468400,0.0,0.0
2022-04-05 00:00:00-04:00,177.5,178.3000030517578,174.4199981689453,175.05999755859375,171.36318969726562,73401800,0.0,0.0
2022-04-06 00:00:00-04:00,172.36000061035156,173.6300048828125,170.1300048828125,171.8300018310547,168.20144653320312,89058800,0.0,0.0
2022-04-07 00:00:00-04:00,171.16000366210938,173.36000061035156,169.85000610351562,172.13999938964844,168.50485229492188,77594700,0.0,0.0
2022-04-08 00:00:00-04:00,171.77999877929688,171.77999877929688,169.1999969482422,170.08999633789062,166.49815368652344,76575500,0.0,0.0
2022-04-11 00:00:00-04:00,168.7100067138672,169.02999877929688,165.5,165.75,162.24981689453125,72246700,0.0,0.0
2022-04-12 00:00:00-04:00,168.02000427246094,169.8699951171875,166.63999938964844,167.66000366210938,164.11949157714844,79265200,0.0,0.0
2022-04-13 00:00:00-04:00,167.38999938964844,171.0399932861328,166.77000427246094,170.39999389648438,166.80157470703125,70618900,0.0,0.0
2022-04-14 00:00:00-04:00,170.6199951171875,171.27000427246094,165.0399932861328,165.2899932861328,161.79946899414062,75329400,0.0,0.0
2022-04-18 00:00:00-04:00,163.9199981689453,166.60000610351562,163.57000732421875,165.07000732421875,161.58416748046875,69023900,0.0,0.0
2022-04-19 00:00:00-04:00,165.02000427246094,167.82000732421875,163.91000366210938,167.39999389648438,163.86492919921875,67723800,0.0,0.0
2022-04-20 00:00:00-04:00,168.75999450683594,168.8800048828125,166.10000610351562,167.22999572753906,163.6985626220703,67929800,0.0,0.0
2022-04-21 00:00:00-04:00,168.91000366210938,171.52999877929688,165.91000366210938,166.4199981689453,162.9056396484375,87227800,0.0,0.0
2022-04-22 00:00:00-04:00,166.4600067138672,167.8699951171875,161.5,161.7899932861328,158.37342834472656,84882400,0.0,0.0
2022-04-25 00:00:00-04:00,161.1199951171875,163.1699981689453,158.4600067138672,162.8800048828125,159.44041442871094,96046400,0.0,0.0
2022-04-26 00:00:00-04:00,162.25,162.33999633789062,156.72000122070312,156.8000030517578,153.48880004882812,95623200,0.0,0.0
2022-04-27 00:00:00-04:00,155.91000366210938,159.7899932861328,155.3800048828125,156.57000732421875,153.263671875,88063200,0.0,0.0
2022-04-28 00:00:00-04:00,159.25,164.52000427246094,158.92999267578125,163.63999938964844,160.1843719482422,130216800,0.0,0.0
2022-04-29 00:00:00-04:00,161.83999633789062,166.1999969482422,157.25,157.64999389648438,154.32083129882812,131747600,0.0,0.0
2022-05-02 00:00:00-04:00,156.7100067138672,158.22999572753906,153.27000427246094,157.9600067138672,154.62429809570312,123055300,0.0,0.0
2022-05-03 00:00:00-04:00,158.14999389648438,160.7100067138672,156.32000732421875,159.47999572753906,156.11221313476562,88966500,0.0,0.0
2022-05-04 00:00:00-04:00,159.6699981689453,166.47999572753906,159.25999450683594,166.02000427246094,162.51409912109375,108256500,0.0,0.0
2022-05-05 00:00:00-04:00,163.85000610351562,164.0800018310547,154.9499969482422,156.77000427246094,153.45945739746094,130525300,0.0,0.0
2022-05-06 00:00:00-04:00,156.00999450683594,159.44000244140625,154.17999267578125,157.27999877929688,154.18487548828125,116124600,0.23,0.0
2022-05-09 00:00:00-04:00,154.92999267578125,155.8300018310547,151.49000549316406,152.05999755859375,149.0675811767578,131577900,0.0,0.0
2022-05-10 00:00:00-04:00,155.52000427246094,156.74000549316406,152.92999267578125,154.50999450683594,151.46937561035156,115366700,0.0,0.0
2022-05-11 00:00:00-04:00,153.5,155.4499969482422,145.80999755859375,146.5,143.6170196533203,142689800,0.0,0.0
2022-05-12 00:00:00-04:00,142.77000427246094,146.1999969482422,138.8000030517578,142.55999755859375,139.75453186035156,182602000,0.0,0.0
2022-05-13 00:00:00-04:00,144.58999633789062,148.10000610351562,143.11000061035156,147.11000061035156,144.2150115966797,113990900,0.0,0.0
2022-05-16 00:00:00-04:00,145.5500030517578,147.52000427246094,144.17999267578125,145.5399932861328,142.67588806152344,86643800,0.0,0.0
2022-05-17 00:00:00-04:00,148.86000061035156,149.77000427246094,146.67999267578125,149.24000549316406,146.3031005859375,78336300,0.0,0.0
2022-05-18 00:00:00-04:00,146.85000610351562,147.36000061035156,139.89999389648438,140.82000732421875,138.04881286621094,109742900,0.0,0.0
2022-05-19 00:00:00-04:00,139.8800048828125,141.66000366210938,136.60000610351562,137.35000610351562,134.64707946777344,136095600,0.0,0.0
2022-05-20 00:00:00-04:00,139.08999633789062,140.6999969482422,132.61000061035156,137.58999633789062,134.88232421875,137426100,0.0,0.0
2022-05-23 00:00:00-04:00,137.7899932861328,143.25999450683594,137.64999389648438,143.11000061035156,140.29371643066406,117726300,0.0,0.0
2022-05-24 00:00:00-04:00,140.80999755859375,141.97000122070312,137.3300018310547,140.36000061035156,137.59783935546875,104132700,0.0,0.0
2022-05-25 00:00:00-04:00,138.42999267578125,141.7899932861328,138.33999633789062,140.52000427246094,137.7547149658203,92482700,0.0,0.0
2022-05-26 00:00:00-04:00,137.38999938964844,144.33999633789062,137.13999938964844,143.77999877929688,140.9505157470703,90601500,0.0,0.0
2022-05-27 00:00:00-04:00,145.38999938964844,149.67999267578125,145.25999450683594,149.63999938964844,146.69520568847656,90978500,0.0,0.0
2022-05-31 00:00:00-04:00,149.07000732421875,150.66000366210938,146.83999633789062,148.83999633789062,145.91094970703125,103718400,0.0,0.0
2022-06-01 00:00:00-04:00,149.89999389648438,151.74000549316406,147.67999267578125,148.7100067138672,145.7835235595703,74286600,0.0,0.0
2022-06-02 00:00:00-04:00,147.8300018310547,151.27000427246094,146.86000061035156,151.2100067138672,148.2343292236328,72348100,0.0,0.0
2022-06-03 00:00:00-04:00,146.89999389648438,147.97000122070312,144.4600067138672,145.3800048828125,142.51905822753906,88570300,0.0,0.0
2022-06-06 00:00:00-04:00,147.02999877929688,148.57000732421875,144.89999389648438,146.13999938964844,143.26409912109375,71598400,0.0,0.0
2022-06-07 00:00:00-04:00,144.35000610351562,149.0,144.10000610351562,148.7100067138672,145.7835235595703,67808200,0.0,0.0
2022-06-08 00:00:00-04:00,148.5800018310547,149.8699951171875,147.4600067138672,147.9600067138672,145.04827880859375,53950200,0.0,0.0
2022-06-09 00:00:00-04:00,147.0800018310547,147.9499969482422,142.52999877929688,142.63999938964844,139.83297729492188,69473000,0.0,0.0
2022-06-10 00:00:00-04:00,140.27999877929688,140.75999450683594,137.05999755859375,137.1300048828125,134.43141174316406,91437900,0.0,0.0
2022-06-13 00:00:00-04:00,132.8699951171875,135.1999969482422,131.44000244140625,131.8800048828125,129.28469848632812,122207100,0.0,0.0
2022-06-14 00:00:00-04:00,133.1300048828125,133.88999938964844,131.47999572753906,132.75999450683594,130.1473846435547,84784300,0.0,0.0
2022-06-15 00:00:00-04:00,134.2899932861328,137.33999633789062,132.16000366210938,135.42999267578125,132.76483154296875,91533000,0.0,0.0
2022-06-16 00:00:00-04:00,132.0800018310547,132.38999938964844,129.0399932861328,130.05999755859375,127.50055694580078,108123900,0.0,0.0
2022-06-17 00:00:00-04:00,130.07000732421875,133.0800018310547,129.80999755859375,131.55999755859375,128.9709930419922,134520300,0.0,0.0
2022-06-21 00:00:00-04:00,133.4199981689453,137.05999755859375,133.32000732421875,135.8699951171875,133.19622802734375,81000500,0.0,0.0
2022-06-22 00:00:00-04:00,134.7899932861328,137.75999450683594,133.91000366210938,135.35000610351562,132.68643188476562,73409200,0.0,0.0
2022-06-23 00:00:00-04:00,136.82000732421875,138.58999633789062,135.6300048828125,138.27000427246094,135.5489501953125,72433800,0.0,0.0
2022-06-24 00:00:00-04:00,139.89999389648438,141.91000366210938,139.77000427246094,141.66000366210938,138.87222290039062,89116800,0.0,0.0
2022-06-27 00:00:00-04:00,142.6999969482422,143.49000549316406,140.97000122070312,141.66000366210938,138.87222290039062,70207900,0.0,0.0
2022-06-28 00:00:00-04:00,142.1300048828125,143.4199981689453,137.32000732421875,137.44000244140625,134.73532104492188,67083400,0.0,0.0
2022-06-29 00:00:00-04:00,137.4600067138672,140.6699981689453,136.6699981689453,139.22999572753906,136.49008178710938,66242400,0.0,0.0
2022-06-30 00:00:00-04:00,137.25,138.3699951171875,133.77000427246094,136.72000122070312,134.02947998046875,98964500,0.0,0.0
2022-07-01 00:00:00-04:00,136.0399932861328,139.0399932861328,135.66000366210938,138.92999267578125,136.19595336914062,71051600,0.0,0.0
2022-07-05 00:00:00-04:00,137.77000427246094,141.61000061035156,136.92999267578125,141.55999755859375,138.77423095703125,73353800,0.0,0.0
2022-07-06 00:00:00-04:00,141.35000610351562,144.1199951171875,141.0800018310547,142.9199981689453,140.10743713378906,74064300,0.0,0.0
2022-07-07 00:00:00-04:00,143.2899932861328,146.5500030517578,143.27999877929688,146.35000610351562,143.46998596191406,66253700,0.0,0.0
2022-07-08 00:00:00-04:00,145.25999450683594,147.5500030517578,145.0,147.0399932861328,144.14637756347656,64547800,0.0,0.0
2022-07-11 00:00:00-04:00,145.6699981689453,146.63999938964844,143.77999877929688,144.8699951171875,142.01905822753906,63141600,0.0,0.0
2022-07-12 00:00:00-04:00,145.75999450683594,148.4499969482422,145.0500030517578,145.86000061035156,142.98959350585938,77588800,0.0,0.0
2022-07-13 00:00:00-04:00,142.99000549316406,146.4499969482422,142.1199951171875,145.49000549316406,142.62689208984375,71185600,0.0,0.0
2022-07-14 00:00:00-04:00,144.0800018310547,148.9499969482422,143.25,148.47000122070312,145.54823303222656,78140700,0.0,0.0
2022-07-15 00:00:00-04:00,149.77999877929688,150.86000061035156,148.1999969482422,150.1699981689453,147.21481323242188,76259900,0.0,0.0
2022-07-18 00:00:00-04:00,150.74000549316406,151.57000732421875,146.6999969482422,147.07000732421875,144.1758270263672,81420900,0.0,0.0
2022-07-19 00:00:00-04:00,147.9199981689453,151.22999572753906,146.91000366210938,151.0,148.02845764160156,82982400,0.0,0.0
2022-07-20 00:00:00-04:00,151.1199951171875,153.72000122070312,150.3699951171875,153.0399932861328,150.02830505371094,64823400,0.0,0.0
2022-07-21 00:00:00-04:00,154.5,155.57000732421875,151.94000244140625,155.35000610351562,152.29287719726562,65086600,0.0,0.0
2022-07-22 00:00:00-04:00,155.38999938964844,156.27999877929688,153.41000366210938,154.08999633789062,151.05763244628906,66675400,0.0,0.0
2022-07-25 00:00:00-04:00,154.00999450683594,155.0399932861328,152.27999877929688,152.9499969482422,149.94007873535156,53623900,0.0,0.0
2022-07-26 00:00:00-04:00,152.25999450683594,153.08999633789062,150.8000030517578,151.60000610351562,148.61666870117188,55138700,0.0,0.0
2022-07-27 00:00:00-04:00,152.5800018310547,157.3300018310547,152.16000366210938,156.7899932861328,153.7045135498047,78620700,0.0,0.0
2022-07-28 00:00:00-04:00,156.97999572753906,157.63999938964844,154.41000366210938,157.35000610351562,154.25352478027344,81378700,0.0,0.0
2022-07-29 00:00:00-04:00,161.24000549316406,163.6300048828125,159.5,162.50999450683594,159.3119354248047,101786900,0.0,0.0
2022-08-01 00:00:00-04:00,161.00999450683594,163.58999633789062,160.88999938964844,161.50999450683594,158.33163452148438,67829400,0.0,0.0
2022-08-02 00:00:00-04:00,160.10000610351562,162.41000366210938,159.6300048828125,160.00999450683594,156.86114501953125,59907000,0.0,0.0
2022-08-03 00:00:00-04:00,160.83999633789062,166.58999633789062,160.75,166.1300048828125,162.8607177734375,82507500,0.0,0.0
2022-08-04 00:00:00-04:00,166.00999450683594,167.19000244140625,164.42999267578125,165.80999755859375,162.5469970703125,55474100,0.0,0.0
2022-08-05 00:00:00-04:00,163.2100067138672,165.85000610351562,163.0,165.35000610351562,162.3212127685547,56697000,0.23,0.0
2022-08-08 00:00:00-04:00,166.3699951171875,167.80999755859375,164.1999969482422,164.8699951171875,161.85000610351562,60276900,0.0,0.0
2022-08-09 00:00:00-04:00,164.02000427246094,165.82000732421875,163.25,164.9199981689453,161.89910888671875,63135500,0.0,0.0
2022-08-10 00:00:00-04:00,167.67999267578125,169.33999633789062,166.89999389648438,169.24000549316406,166.1399688720703,70170500,0.0,0.0
2022-08-11 00:00:00-04:00,170.05999755859375,170.99000549316406,168.19000244140625,168.49000549316406,165.40371704101562,57149200,0.0,0.0
2022-08-12 00:00:00-04:00,169.82000732421875,172.1699981689453,169.39999389648438,172.10000610351562,168.94757080078125,68039400,0.0,0.0
2022-08-15 00:00:00-04:00,171.52000427246094,173.38999938964844,171.35000610351562,173.19000244140625,170.01763916015625,54091700,0.0,0.0
2022-08-16 00:00:00-04:00,172.77999877929688,173.7100067138672,171.66000366210938,173.02999877929688,169.8605499267578,56377100,0.0,0.0
2022-08-17 00:00:00-04:00,172.77000427246094,176.14999389648438,172.57000732421875,174.5500030517578,171.35267639160156,79542000,0.0,0.0
2022-08-18 00:00:00-04:00,173.75,174.89999389648438,173.1199951171875,174.14999389648438,170.9600067138672,62290100,0.0,0.0
2022-08-19 00:00:00-04:00,173.02999877929688,173.74000549316406,171.30999755859375,171.52000427246094,168.37815856933594,70346300,0.0,0.0
2022-08-22 00:00:00-04:00,169.69000244140625,169.86000061035156,167.13999938964844,167.57000732421875,164.5005340576172,69026800,0.0,0.0
2022-08-23 00:00:00-04:00,167.0800018310547,168.7100067138672,166.64999389648438,167.22999572753906,164.16680908203125,54147100,0.0,0.0
2022-08-24 00:00:00-04:00,167.32000732421875,168.11000061035156,166.25,167.52999877929688,164.46128845214844,53841500,0.0,0.0
2022-08-25 00:00:00-04:00,168.77999877929688,170.13999938964844,168.35000610351562,170.02999877929688,166.9154815673828,51218200,0.0,0.0
2022-08-26 00:00:00-04:00,170.57000732421875,171.0500030517578,163.55999755859375,163.6199951171875,160.62290954589844,78961000,0.0,0.0
2022-08-29 00:00:00-04:00,161.14999389648438,162.89999389648438,159.82000732421875,161.3800048828125,158.42396545410156,73314000,0.0,0.0
2022-08-30 00:00:00-04:00,162.1300048828125,162.55999755859375,157.72000122070312,158.91000366210938,155.9991912841797,77906200,0.0,0.0
2022-08-31 00:00:00-04:00,160.30999755859375,160.5800018310547,157.13999938964844,157.22000122070312,154.34014892578125,87991100,0.0,0.0
2022-09-01 00:00:00-04:00,156.63999938964844,158.4199981689453,154.6699981689453,157.9600067138672,155.0666046142578,74229900,0.0,0.0
2022-09-02 00:00:00-04:00,159.75,160.36000061035156,154.97000122070312,155.80999755859375,152.95596313476562,76957800,0.0,0.0
2022-09-06 00:00:00-04:00,156.47000122070312,157.08999633789062,153.69000244140625,154.52999877929688,151.6993865966797,73714800,0.0,0.0
2022-09-07 00:00:00-04:00,154.82000732421875,156.6699981689453,153.61000061035156,155.9600067138672,153.10325622558594,87449600,0.0,0.0
2022-09-08 00:00:00-04:00,154.63999938964844,156.36000061035156,152.67999267578125,154.4600067138672,151.6306610107422,84923800,0.0,0.0
2022-09-09 00:00:00-04:00,155.47000122070312,157.82000732421875,154.75,157.3699951171875,154.48739624023438,68028800,0.0,0.0
2022-09-12 00:00:00-04:00,159.58999633789062,164.25999450683594,159.3000030517578,163.42999267578125,160.43638610839844,104956000,0.0,0.0
2022-09-13 00:00:00-04:00,159.89999389648438,160.5399932861328,153.3699951171875,153.83999633789062,151.0220184326172,122656600,0.0,0.0
2022-09-14 00:00:00-04:00,154.7899932861328,157.10000610351562,153.61000061035156,155.30999755859375,152.46510314941406,87965400,0.0,0.0
2022-09-15 00:00:00-04:00,154.64999389648438,155.24000549316406,151.3800048828125,152.3699951171875,149.57896423339844,90481100,0.0,0.0
2022-09-16 00:00:00-04:00,151.2100067138672,151.35000610351562,148.3699951171875,150.6999969482422,147.93955993652344,162278800,0.0,0.0
2022-09-19 00:00:00-04:00,149.30999755859375,154.55999755859375,149.10000610351562,154.47999572753906,151.6503448486328,81474200,0.0,0.0
2022-09-20 00:00:00-04:00,153.39999389648438,158.0800018310547,153.0800018310547,156.89999389648438,154.02598571777344,107689800,0.0,0.0
2022-09-21 00:00:00-04:00,157.33999633789062,158.74000549316406,153.60000610351562,153.72000122070312,150.90428161621094,101696800,0.0,0.0
2022-09-22 00:00:00-04:00,152.3800048828125,154.47000122070312,150.91000366210938,152.74000549316406,149.94223022460938,86652500,0.0,0.0
2022-09-23 00:00:00-04:00,151.19000244140625,151.47000122070312,148.55999755859375,150.42999267578125,147.6744842529297,96029900,0.0,0.0
2022-09-26 00:00:00-04:00,149.66000366210938,153.77000427246094,149.63999938964844,150.77000427246094,148.00831604003906,93339400,0.0,0.0
2022-09-27 00:00:00-04:00,152.74000549316406,154.72000122070312,149.9499969482422,151.75999450683594,148.98016357421875,84442700,0.0,0.0
2022-09-28 00:00:00-04:00,147.63999938964844,150.63999938964844,144.83999633789062,149.83999633789062,147.09530639648438,146691400,0.0,0.0
2022-09-29 00:00:00-04:00,146.10000610351562,146.72000122070312,140.67999267578125,142.47999572753906,139.87014770507812,128138200,0.0,0.0
2022-09-30 00:00:00-04:00,141.27999877929688,143.10000610351562,138.0,138.1999969482422,135.6685028076172,124925300,0.0,0.0
2022-10-03 00:00:00-04:00,138.2100067138672,143.07000732421875,137.69000244140625,142.4499969482422,139.8406982421875,114311700,0.0,0.0
2022-10-04 00:00:00-04:00,145.02999877929688,146.22000122070312,144.25999450683594,146.10000610351562,143.42385864257812,87830100,0.0,0.0
2022-10-05 00:00:00-04:00,144.07000732421875,147.3800048828125,143.00999450683594,146.39999389648438,143.71832275390625,79471000,0.0,0.0
2022-10-06 00:00:00-04:00,145.80999755859375,147.5399932861328,145.22000122070312,145.42999267578125,142.76609802246094,68402200,0.0,0.0
2022-10-07 00:00:00-04:00,142.5399932861328,143.10000610351562,139.4499969482422,140.08999633789062,137.52394104003906,85925600,0.0,0.0
2022-10-10 00:00:00-04:00,140.4199981689453,141.88999938964844,138.57000732421875,140.4199981689453,137.847900390625,74899000,0.0,0.0
2022-10-11 00:00:00-04:00,139.89999389648438,141.35000610351562,138.22000122070312,138.97999572753906,136.43426513671875,77033700,0.0,0.0
2022-10-12 00:00:00-04:00,139.1300048828125,140.36000061035156,138.16000366210938,138.33999633789062,135.80596923828125,70433700,0.0,0.0
2022-10-13 00:00:00-04:00,134.99000549316406,143.58999633789062,134.3699951171875,142.99000549316406,140.37083435058594,113224000,0.0,0.0
2022-10-14 00:00:00-04:00,144.30999755859375,144.52000427246094,138.19000244140625,138.3800048828125,135.84527587890625,88598000,0.0,0.0
2022-10-17 00:00:00-04:00,141.07000732421875,142.89999389648438,140.27000427246094,142.41000366210938,139.80140686035156,85250900,0.0,0.0
2022-10-18 00:00:00-04:00,145.49000549316406,146.6999969482422,140.61000061035156,143.75,141.1168670654297,99136600,0.0,0.0
2022-10-19 00:00:00-04:00,141.69000244140625,144.9499969482422,141.5,143.86000061035156,141.224853515625,61758300,0.0,0.0
2022-10-20 00:00:00-04:00,143.02000427246094,145.88999938964844,142.64999389648438,143.38999938964844,140.76345825195312,64522000,0.0,0.0
2022-10-21 00:00:00-04:00,142.8699951171875,147.85000610351562,142.64999389648438,147.27000427246094,144.57241821289062,86548600,0.0,0.0
2022-10-24 00:00:00-04:00,147.19000244140625,150.22999572753906,146.0,149.4499969482422,146.7124786376953,75981900,0.0,0.0
2022-10-25 00:00:00-04:00,150.08999633789062,152.49000549316406,149.36000061035156,152.33999633789062,149.54953002929688,74732300,0.0,0.0
2022-10-26 00:00:00-04:00,150.9600067138672,151.99000549316406,148.0399932861328,149.35000610351562,146.61428833007812,88194300,0.0,0.0
2022-10-27 00:00:00-04:00,148.07000732421875,149.0500030517578,144.1300048828125,144.8000030517578,142.14761352539062,109180200,0.0,0.0
2022-10-28 00:00:00-04:00,148.1999969482422,157.5,147.82000732421875,155.74000549316406,152.88726806640625,164762400,0.0,0.0
2022-10-31 00:00:00-04:00,153.16000366210938,154.24000549316406,151.9199981689453,153.33999633789062,150.53118896484375,97943200,0.0,0.0
2022-11-01 00:00:00-04:00,155.0800018310547,155.4499969482422,149.1300048828125,150.64999389648438,147.8905029296875,80379300,0.0,0.0
2022-11-02 00:00:00-04:00,148.9499969482422,152.1699981689453,145.0,145.02999877929688,142.3734130859375,93604600,0.0,0.0
2022-11-03 00:00:00-04:00,142.05999755859375,142.8000030517578,138.75,138.8800048828125,136.33609008789062,97918500,0.0,0.0
2022-11-04 00:00:00-04:00,142.08999633789062,142.6699981689453,134.3800048828125,138.3800048828125,136.0706024169922,140814800,0.23,0.0
2022-11-07 00:00:00-05:00,137.11000061035156,139.14999389648438,135.6699981689453,138.9199981689453,136.6015625,83374600,0.0,0.0
2022-11-08 00:00:00-05:00,140.41000366210938,141.42999267578125,137.49000549316406,139.5,137.17193603515625,89908500,0.0,0.0
2022-11-09 00:00:00-05:00,138.5,138.5500030517578,134.58999633789062,134.8699951171875,132.6191864013672,74917800,0.0,0.0
2022-11-10 00:00:00-05:00,141.24000549316406,146.8699951171875,139.5,146.8699951171875,144.41893005371094,118854000,0.0,0.0
2022-11-11 00:00:00-05:00,145.82000732421875,150.00999450683594,144.3699951171875,149.6999969482422,147.20164489746094,93979700,0.0,0.0
2022-11-14 00:00:00-05:00,148.97000122070312,150.27999877929688,147.42999267578125,148.27999877929688,145.8053741455078,73374100,0.0,0.0
2022-11-15 00:00:00-05:00,152.22000122070312,153.58999633789062,148.55999755859375,150.0399932861328,147.5360107421875,89868300,0.0,0.0
2022-11-16 00:00:00-05:00,149.1300048828125,149.8699951171875,147.2899932861328,148.7899932861328,146.3068389892578,64218300,0.0,0.0
2022-11-17 00:00:00-05:00,146.42999267578125,151.47999572753906,146.14999389648438,150.72000122070312,148.2046356201172,80389400,0.0,0.0
2022-11-18 00:00:00-05:00,152.30999755859375,152.6999969482422,149.97000122070312,151.2899932861328,148.76513671875,74829600,0.0,0.0
2022-11-21 00:00:00-05:00,150.16000366210938,150.3699951171875,147.72000122070312,148.00999450683594,145.5398712158203,58724100,0.0,0.0
2022-11-22 00:00:00-05:00,148.1300048828125,150.4199981689453,146.92999267578125,150.17999267578125,147.67361450195312,51804100,0.0,0.0
2022-11-23 00:00:00-05:00,149.4499969482422,151.8300018310547,149.33999633789062,151.07000732421875,148.54881286621094,58301400,0.0,0.0
2022-11-25 00:00:00-05:00,148.30999755859375,148.8800048828125,147.1199951171875,148.11000061035156,145.63819885253906,35195900,0.0,0.0
2022-11-28 00:00:00-05:00,145.13999938964844,146.63999938964844,143.3800048828125,144.22000122070312,141.81312561035156,69246000,0.0,0.0
2022-11-29 00:00:00-05:00,144.2899932861328,144.80999755859375,140.35000610351562,141.1699981689453,138.81399536132812,83763800,0.0,0.0
2022-11-30 00:00:00-05:00,141.39999389648438,148.72000122070312,140.5500030517578,148.02999877929688,145.55953979492188,111380900,0.0,0.0
2022-12-01 00:00:00-05:00,148.2100067138672,149.1300048828125,146.61000061035156,148.30999755859375,145.83486938476562,71250400,0.0,0.0
2022-12-02 00:00:00-05:00,145.9600067138672,148.0,145.64999389648438,147.80999755859375,145.34323120117188,65447400,0.0,0.0
2022-12-05 00:00:00-05:00,147.77000427246094,150.9199981689453,145.77000427246094,146.6300048828125,144.1829071044922,68826400,0.0,0.0
2022-12-06 00:00:00-05:00,147.07000732421875,147.3000030517578,141.9199981689453,142.91000366210938,140.52499389648438,64727200,0.0,0.0
2022-12-07 00:00:00-05:00,142.19000244140625,143.3699951171875,140.0,140.94000244140625,138.58787536621094,69721100,0.0,0.0
2022-12-08 00:00:00-05:00,142.36000061035156,143.52000427246094,141.10000610351562,142.64999389648438,140.26930236816406,62128300,0.0,0.0
2022-12-09 00:00:00-05:00,142.33999633789062,145.57000732421875,140.89999389648438,142.16000366210938,139.78750610351562,76097000,0.0,0.0
2022-12-12 00:00:00-05:00,142.6999969482422,144.5,141.05999755859375,144.49000549316406,142.07861328125,70462700,0.0,0.0
2022-12-13 00:00:00-05:00,149.5,149.97000122070312,144.24000549316406,145.47000122070312,143.0422821044922,93886200,0.0,0.0
2022-12-14 00:00:00-05:00,145.35000610351562,146.66000366210938,141.16000366210938,143.2100067138672,140.8199920654297,82291200,0.0,0.0
2022-12-15 00:00:00-05:00,141.11000061035156,141.8000030517578,136.02999877929688,136.5,134.22198486328125,98931900,0.0,0.0
2022-12-16 00:00:00-05:00,136.69000244140625,137.64999389648438,133.72999572753906,134.50999450683594,132.26513671875,160156900,0.0,0.0
2022-12-19 00:00:00-05:00,135.11000061035156,135.1999969482422,131.32000732421875,132.3699951171875,130.16085815429688,79592600,0.0,0.0
2022-12-20 00:00:00-05:00,131.38999938964844,133.25,129.88999938964844,132.3000030517578,130.0920867919922,77432800,0.0,0.0
2022-12-21 00:00:00-05:00,132.97999572753906,136.80999755859375,132.75,135.4499969482422,133.1894989013672,85928000,0.0,0.0
2022-12-22 00:00:00-05:00,134.35000610351562,134.55999755859375,130.3000030517578,132.22999572753906,130.02322387695312,77852100,0.0,0.0
2022-12-23 00:00:00-05:00,130.9199981689453,132.4199981689453,129.63999938964844,131.86000061035156,129.65940856933594,63814900,0.0,0.0
2022-12-27 00:00:00-05:00,131.3800048828125,131.41000366210938,128.72000122070312,130.02999877929688,127.85992431640625,69007800,0.0,0.0
2022-12-28 00:00:00-05:00,129.6699981689453,131.02999877929688,125.87000274658203,126.04000091552734,123.93651580810547,85438400,0.0,0.0
2022-12-29 00:00:00-05:00,127.98999786376953,130.47999572753906,127.7300033569336,129.61000061035156,127.44696044921875,75703700,0.0,0.0
2022-12-30 00:00:00-05:00,128.41000366210938,129.9499969482422,127.43000030517578,129.92999267578125,127.76158142089844,77034200,0.0,0.0
2023-01-03 00:00:00-05:00,130.27999877929688,130.89999389648438,124.16999816894531,125.06999969482422,122.98272705078125,112117500,0.0,0.0
2023-01-04 00:00:00-05:00,126.88999938964844,128.66000366210938,125.08000183105469,126.36000061035156,124.25118255615234,89113600,0.0,0.0
2023-01-05 00:00:00-05:00,127.12999725341797,127.7699966430664,124.76000213623047,125.0199966430664,122.93355560302734,80962700,0.0,0.0
2023-01-06 00:00:00-05:00,126.01000213623047,130.2899932861328,124.88999938964844,129.6199951171875,127.45675659179688,87754700,0.0,0.0
2023-01-09 00:00:00-05:00,130.47000122070312,133.41000366210938,129.88999938964844,130.14999389648438,127.9779281616211,70790800,0.0,0.0
2023-01-10 00:00:00-05:00,130.25999450683594,131.25999450683594,128.1199951171875,130.72999572753906,128.54827880859375,63896200,0.0,0.0
2023-01-11 00:00:00-05:00,131.25,133.50999450683594,130.4600067138672,133.49000549316406,131.26219177246094,69458900,0.0,0.0
2023-01-12 00:00:00-05:00,133.8800048828125,134.25999450683594,131.44000244140625,133.41000366210938,131.1835174560547,71379600,0.0,0.0
2023-01-13 00:00:00-05:00,132.02999877929688,134.9199981689453,131.66000366210938,134.75999450683594,132.51097106933594,57809700,0.0,0.0
2023-01-17 00:00:00-05:00,134.8300018310547,137.2899932861328,134.1300048828125,135.94000244140625,133.67132568359375,63646600,0.0,0.0
2023-01-18 00:00:00-05:00,136.82000732421875,138.61000061035156,135.02999877929688,135.2100067138672,132.9534912109375,69672800,0.0,0.0
2023-01-19 00:00:00-05:00,134.0800018310547,136.25,133.77000427246094,135.27000427246094,133.0124969482422,58280400,0.0,0.0
2023-01-20 00:00:00-05:00,135.27999877929688,138.02000427246094,134.22000122070312,137.8699951171875,135.569091796875,80223600,0.0,0.0
2023-01-23 00:00:00-05:00,138.1199951171875,143.32000732421875,137.89999389648438,141.11000061035156,138.7550506591797,81760300,0.0,0.0
2023-01-24 00:00:00-05:00,140.30999755859375,143.16000366210938,140.3000030517578,142.52999877929688,140.1513671875,66435100,0.0,0.0
2023-01-25 00:00:00-05:00,140.88999938964844,142.42999267578125,138.80999755859375,141.86000061035156,139.4925079345703,65799300,0.0,0.0
2023-01-26 00:00:00-05:00,143.1699981689453,144.25,141.89999389648438,143.9600067138672,141.5574493408203,54105100,0.0,0.0
2023-01-27 00:00:00-05:00,143.16000366210938,147.22999572753906,143.0800018310547,145.92999267578125,143.49456787109375,70555800,0.0,0.0
2023-01-30 00:00:00-05:00,144.9600067138672,145.5500030517578,142.85000610351562,143.0,140.61349487304688,64015300,0.0,0.0
2023-01-31 00:00:00-05:00,142.6999969482422,144.33999633789062,142.27999877929688,144.2899932861328,141.8819580078125,65874500,0.0,0.0
2023-02-01 00:00:00-05:00,143.97000122070312,146.61000061035156,141.32000732421875,145.42999267578125,143.00296020507812,77663600,0.0,0.0
2023-02-02 00:00:00-05:00,148.89999389648438,151.17999267578125,148.1699981689453,150.82000732421875,148.30299377441406,118339000,0.0,0.0
2023-02-03 00:00:00-05:00,148.02999877929688,157.3800048828125,147.8300018310547,154.5,151.92156982421875,154357300,0.0,0.0
2023-02-06 00:00:00-05:00,152.57000732421875,153.10000610351562,150.77999877929688,151.72999572753906,149.19775390625,69858300,0.0,0.0
2023-02-07 00:00:00-05:00,150.63999938964844,155.22999572753906,150.63999938964844,154.64999389648438,152.06906127929688,83322600,0.0,0.0
2023-02-08 00:00:00-05:00,153.8800048828125,154.5800018310547,151.1699981689453,151.9199981689453,149.38461303710938,64120100,0.0,0.0
2023-02-09 00:00:00-05:00,153.77999877929688,154.3300018310547,150.4199981689453,150.8699951171875,148.35214233398438,56007100,0.0,0.0
2023-02-10 00:00:00-05:00,149.4600067138672,151.33999633789062,149.22000122070312,151.00999450683594,148.71652221679688,57450700,0.23,0.0
2023-02-13 00:00:00-05:00,150.9499969482422,154.25999450683594,150.9199981689453,153.85000610351562,151.51336669921875,62199000,0.0,0.0
2023-02-14 00:00:00-05:00,152.1199951171875,153.77000427246094,150.86000061035156,153.1999969482422,150.87326049804688,61707600,0.0,0.0
2023-02-15 00:00:00-05:00,153.11000061035156,155.5,152.8800048828125,155.3300018310547,152.9709014892578,65573800,0.0,0.0
2023-02-16 00:00:00-05:00,153.50999450683594,156.3300018310547,153.35000610351562,153.7100067138672,151.37554931640625,68167900,0.0,0.0
2023-02-17 00:00:00-05:00,152.35000610351562,153.0,150.85000610351562,152.5500030517578,150.23313903808594,59144100,0.0,0.0
2023-02-21 00:00:00-05:00,150.1999969482422,151.3000030517578,148.41000366210938,148.47999572753906,146.22494506835938,58867200,0.0,0.0
2023-02-22 00:00:00-05:00,148.8699951171875,149.9499969482422,147.16000366210938,148.91000366210938,146.64842224121094,51011300,0.0,0.0
2023-02-23 00:00:00-05:00,150.08999633789062,150.33999633789062,147.24000549316406,149.39999389648438,147.13099670410156,48394200,0.0,0.0
2023-02-24 00:00:00-05:00,147.11000061035156,147.19000244140625,145.72000122070312,146.7100067138672,144.4818572998047,55469600,0.0,0.0
2023-02-27 00:00:00-05:00,147.7100067138672,149.1699981689453,147.4499969482422,147.9199981689453,145.67344665527344,44998500,0.0,0.0
2023-02-28 00:00:00-05:00,147.0500030517578,149.0800018310547,146.8300018310547,147.41000366210938,145.1712188720703,50547000,0.0,0.0
2023-03-01 00:00:00-05:00,146.8300018310547,147.22999572753906,145.00999450683594,145.30999755859375,143.1030731201172,55479000,0.0,0.0
2023-03-02 00:00:00-05:00,144.3800048828125,146.7100067138672,143.89999389648438,145.91000366210938,143.69395446777344,52238100,0.0,0.0
2023-03-03 00:00:00-05:00,148.0399932861328,151.11000061035156,147.3300018310547,151.02999877929688,148.73622131347656,70732300,0.0,0.0
2023-03-06 00:00:00-05:00,153.7899932861328,156.3000030517578,153.4600067138672,153.8300018310547,151.4936981201172,87558000,0.0,0.0
2023-03-07 00:00:00-05:00,153.6999969482422,154.02999877929688,151.1300048828125,151.60000610351562,149.29757690429688,56182000,0.0,0.0
2023-03-08 00:00:00-05:00,152.80999755859375,153.47000122070312,151.8300018310547,152.8699951171875,150.54830932617188,47204800,0.0,0.0
2023-03-09 00:00:00-05:00,153.55999755859375,154.5399932861328,150.22999572753906,150.58999633789062,148.3029022216797,53833600,0.0,0.0
2023-03-10 00:00:00-05:00,150.2100067138672,150.94000244140625,147.61000061035156,148.5,146.24464416503906,68572400,0.0,0.0
2023-03-13 00:00:00-04:00,147.80999755859375,153.13999938964844,147.6999969482422,150.47000122070312,148.18472290039062,84457100,0.0,0.0
2023-03-14 00:00:00-04:00,151.27999877929688,153.39999389648438,150.10000610351562,152.58999633789062,150.2725372314453,73695900,0.0,0.0
2023-03-15 00:00:00-04:00,151.19000244140625,153.25,149.9199981689453,152.99000549316406,150.66647338867188,77167900,0.0,0.0
2023-03-16 00:00:00-04:00,152.16000366210938,156.4600067138672,151.63999938964844,155.85000610351562,153.48301696777344,76161100,0.0,0.0
2023-03-17 00:00:00-04:00,156.0800018310547,156.74000549316406,154.27999877929688,155.0,152.6459503173828,98944600,0.0,0.0
2023-03-20 00:00:00-04:00,155.07000732421875,157.82000732421875,154.14999389648438,157.39999389648438,155.0094757080078,73641400,0.0,0.0
2023-03-21 00:00:00-04:00,157.32000732421875,159.39999389648438,156.5399932861328,159.27999877929688,156.86090087890625,73938300,0.0,0.0
2023-03-22 00:00:00-04:00,159.3000030517578,162.13999938964844,157.80999755859375,157.8300018310547,155.43295288085938,75701800,0.0,0.0
2023-03-23 00:00:00-04:00,158.8300018310547,161.5500030517578,157.67999267578125,158.92999267578125,156.5162353515625,67622100,0.0,0.0
2023-03-24 00:00:00-04:00,158.86000061035156,160.33999633789062,157.85000610351562,160.25,157.8162078857422,59196500,0.0,0.0
2023-03-27 00:00:00-04:00,159.94000244140625,160.77000427246094,157.8699951171875,158.27999877929688,155.87611389160156,52390300,0.0,0.0
2023-03-28 00:00:00-04:00,157.97000122070312,158.49000549316406,155.97999572753906,157.64999389648438,155.2556915283203,45992200,0.0,0.0
2023-03-29 00:00:00-04:00,159.3699951171875,161.0500030517578,159.35000610351562,160.77000427246094,158.3282928466797,51305700,0.0,0.0
2023-03-30 00:00:00-04:00,161.52999877929688,162.47000122070312,161.27000427246094,162.36000061035156,159.8941650390625,49501700,0.0,0.0
2023-03-31 00:00:00-04:00,162.44000244140625,165.0,161.91000366210938,164.89999389648438,162.3955535888672,68749800,0.0,0.0
2023-04-03 00:00:00-04:00,164.27000427246094,166.2899932861328,164.22000122070312,166.1699981689453,163.64630126953125,56976200,0.0,0.0
2023-04-04 00:00:00-04:00,166.60000610351562,166.83999633789062,165.11000061035156,165.6300048828125,163.11451721191406,46278300,0.0,0.0
2023-04-05 00:00:00-04:00,164.74000549316406,165.0500030517578,161.8000030517578,163.75999450683594,161.27288818359375,51511700,0.0,0.0
2023-04-06 00:00:00-04:00,162.42999267578125,164.9600067138672,162.0,164.66000366210938,162.15921020507812,45390100,0.0,0.0
2023-04-10 00:00:00-04:00,161.4199981689453,162.02999877929688,160.0800018310547,162.02999877929688,159.5691680908203,47716900,0.0,0.0
2023-04-11 00:00:00-04:00,162.35000610351562,162.36000061035156,160.50999450683594,160.8000030517578,158.35784912109375,47644200,0.0,0.0
2023-04-12 00:00:00-04:00,161.22000122070312,162.05999755859375,159.77999877929688,160.10000610351562,157.66848754882812,50133100,0.0,0.0
2023-04-13 00:00:00-04:00,161.6300048828125,165.8000030517578,161.4199981689453,165.55999755859375,163.04556274414062,68445600,0.0,0.0
2023-04-14 00:00:00-04:00,164.58999633789062,166.32000732421875,163.82000732421875,165.2100067138672,162.7008819580078,49386500,0.0,0.0
2023-04-17 00:00:00-04:00,165.08999633789062,165.38999938964844,164.02999877929688,165.22999572753906,162.72056579589844,41516200,0.0,0.0
2023-04-18 00:00:00-04:00,166.10000610351562,167.41000366210938,165.64999389648438,166.47000122070312,163.94171142578125,49923000,0.0,0.0
2023-04-19 00:00:00-04:00,165.8000030517578,168.16000366210938,165.5399932861328,167.6300048828125,165.08412170410156,47720200,0.0,0.0
2023-04-20 00:00:00-04:00,166.08999633789062,167.8699951171875,165.55999755859375,166.64999389648438,164.11900329589844,52456400,0.0,0.0
2023-04-21 00:00:00-04:00,165.0500030517578,166.4499969482422,164.49000549316406,165.02000427246094,162.5137481689453,58337300,0.0,0.0
2023-04-24 00:00:00-04:00,165.0,165.60000610351562,163.88999938964844,165.3300018310547,162.81906127929688,41949600,0.0,0.0
2023-04-25 00:00:00-04:00,165.19000244140625,166.30999755859375,163.72999572753906,163.77000427246094,161.28269958496094,48714100,0.0,0.0
2023-04-26 00:00:00-04:00,163.05999755859375,165.27999877929688,162.8000030517578,163.75999450683594,161.27288818359375,45498800,0.0,0.0
2023-04-27 00:00:00-04:00,165.19000244140625,168.55999755859375,165.19000244140625,168.41000366210938,165.85226440429688,64902300,0.0,0.0
2023-04-28 00:00:00-04:00,168.49000549316406,169.85000610351562,167.8800048828125,169.67999267578125,167.1029815673828,55275900,0.0,0.0
2023-05-01 00:00:00-04:00,169.27999877929688,170.4499969482422,168.63999938964844,169.58999633789062,167.01434326171875,52472900,0.0,0.0
2023-05-02 00:00:00-04:00,170.08999633789062,170.35000610351562,167.5399932861328,168.5399932861328,165.9803009033203,48425700,0.0,0.0
2023-05-03 00:00:00-04:00,169.5,170.9199981689453,167.16000366210938,167.4499969482422,164.9068603515625,65136000,0.0,0.0
2023-05-04 00:00:00-04:00,164.88999938964844,167.0399932861328,164.30999755859375,165.7899932861328,163.27206420898438,81235400,0.0,0.0
2023-05-05 00:00:00-04:00,170.97999572753906,174.3000030517578,170.75999450683594,173.57000732421875,170.93386840820312,113453200,0.0,0.0
2023-05-08 00:00:00-04:00,172.47999572753906,173.85000610351562,172.11000061035156,173.5,170.86495971679688,55962800,0.0,0.0
2023-05-09 00:00:00-04:00,173.0500030517578,173.5399932861328,171.60000610351562,171.77000427246094,169.16123962402344,45326900,0.0,0.0
2023-05-10 00:00:00-04:00,173.02000427246094,174.02999877929688,171.89999389648438,173.55999755859375,170.9240264892578,53724500,0.0,0.0
2023-05-11 00:00:00-04:00,173.85000610351562,174.58999633789062,172.1699981689453,173.75,171.11117553710938,49514700,0.0,0.0
2023-05-12 00:00:00-04:00,173.6199951171875,174.05999755859375,171.0,172.57000732421875,170.18417358398438,45533100,0.24,0.0
2023-05-15 00:00:00-04:00,173.16000366210938,173.2100067138672,171.47000122070312,172.07000732421875,169.69110107421875,37266700,0.0,0.0
2023-05-16 00:00:00-04:00,171.99000549316406,173.13999938964844,171.8000030517578,172.07000732421875,169.69110107421875,42110300,0.0,0.0
2023-05-17 00:00:00-04:00,171.7100067138672,172.92999267578125,170.4199981689453,172.69000244140625,170.30245971679688,57951600,0.0,0.0
2023-05-18 00:00:00-04:00,173.0,175.24000549316406,172.5800018310547,175.0500030517578,172.62985229492188,65496700,0.0,0.0
2023-05-19 00:00:00-04:00,176.38999938964844,176.38999938964844,174.94000244140625,175.16000366210938,172.73831176757812,55809500,0.0,0.0
2023-05-22 00:00:00-04:00,173.97999572753906,174.7100067138672,173.4499969482422,174.1999969482422,171.7916259765625,43570900,0.0,0.0
2023-05-23 00:00:00-04:00,173.1300048828125,173.3800048828125,171.27999877929688,171.55999755859375,169.1881103515625,50747300,0.0,0.0
2023-05-24 00:00:00-04:00,171.08999633789062,172.4199981689453,170.52000427246094,171.83999633789062,169.46424865722656,45143500,0.0,0.0
2023-05-25 00:00:00-04:00,172.41000366210938,173.89999389648438,171.69000244140625,172.99000549316406,170.5983428955078,56058300,0.0,0.0
2023-05-26 00:00:00-04:00,173.32000732421875,175.77000427246094,173.11000061035156,175.42999267578125,173.00460815429688,54835000,0.0,0.0
2023-05-30 00:00:00-04:00,176.9600067138672,178.99000549316406,176.57000732421875,177.3000030517578,174.84872436523438,55964400,0.0,0.0
2023-05-31 00:00:00-04:00,177.3300018310547,179.35000610351562,176.75999450683594,177.25,174.79945373535156,99625300,0.0,0.0
2023-06-01 00:00:00-04:00,177.6999969482422,180.1199951171875,176.92999267578125,180.08999633789062,177.60020446777344,68901800,0.0,0.0
2023-06-02 00:00:00-04:00,181.02999877929688,181.77999877929688,179.25999450683594,180.9499969482422,178.44827270507812,61996900,0.0,0.0
2023-06-05 00:00:00-04:00,182.6300048828125,184.9499969482422,178.0399932861328,179.5800018310547,177.0972442626953,121946500,0.0,0.0
2023-06-06 00:00:00-04:00,179.97000122070312,180.1199951171875,177.42999267578125,179.2100067138672,176.73236083984375,64848400,0.0,0.0
2023-06-07 00:00:00-04:00,178.44000244140625,181.2100067138672,177.32000732421875,177.82000732421875,175.361572265625,61944600,0.0,0.0
2023-06-08 00:00:00-04:00,177.89999389648438,180.83999633789062,177.4600067138672,180.57000732421875,178.07354736328125,50214900,0.0,0.0
2023-06-09 00:00:00-04:00,181.5,182.22999572753906,180.6300048828125,180.9600067138672,178.4581756591797,48900000,0.0,0.0
2023-06-12 00:00:00-04:00,181.27000427246094,183.88999938964844,180.97000122070312,183.7899932861328,181.24903869628906,54274900,0.0,0.0
2023-06-13 00:00:00-04:00,182.8000030517578,184.14999389648438,182.44000244140625,183.30999755859375,180.77566528320312,54929100,0.0,0.0
2023-06-14 00:00:00-04:00,183.3699951171875,184.38999938964844,182.02000427246094,183.9499969482422,181.4068145751953,57462900,0.0,0.0
2023-06-15 00:00:00-04:00,183.9600067138672,186.52000427246094,183.77999877929688,186.00999450683594,183.43832397460938,65433200,0.0,0.0
2023-06-16 00:00:00-04:00,186.72999572753906,186.99000549316406,184.27000427246094,184.9199981689453,182.36341857910156,101256200,0.0,0.0
2023-06-20 00:00:00-04:00,184.41000366210938,186.10000610351562,184.41000366210938,185.00999450683594,182.45216369628906,49799100,0.0,0.0
2023-06-21 00:00:00-04:00,184.89999389648438,185.41000366210938,182.58999633789062,183.9600067138672,181.4167022705078,49515700,0.0,0.0
2023-06-22 00:00:00-04:00,183.74000549316406,187.0500030517578,183.6699981689453,187.0,184.4146728515625,51245300,0.0,0.0
2023-06-23 00:00:00-04:00,185.5500030517578,187.55999755859375,185.00999450683594,186.67999267578125,184.0990753173828,53117000,0.0,0.0
2023-06-26 00:00:00-04:00,186.8300018310547,188.0500030517578,185.22999572753906,185.27000427246094,182.70858764648438,48088700,0.0,0.0
2023-06-27 00:00:00-04:00,185.88999938964844,188.38999938964844,185.6699981689453,188.05999755859375,185.45999145507812,50730800,0.0,0.0
2023-06-28 00:00:00-04:00,187.92999267578125,189.89999389648438,187.60000610351562,189.25,186.63356018066406,51216800,0.0,0.0
2023-06-29 00:00:00-04:00,189.0800018310547,190.07000732421875,188.94000244140625,189.58999633789062,186.96884155273438,46347300,0.0,0.0
2023-06-30 00:00:00-04:00,191.6300048828125,194.47999572753906,191.25999450683594,193.97000122070312,191.28826904296875,85213200,0.0,0.0
2023-07-03 00:00:00-04:00,193.77999877929688,193.8800048828125,191.75999450683594,192.4600067138672,189.79917907714844,31458200,0.0,0.0
2023-07-05 00:00:00-04:00,191.57000732421875,192.97999572753906,190.6199951171875,191.3300018310547,188.68478393554688,46920300,0.0,0.0
2023-07-06 00:00:00-04:00,189.83999633789062,192.02000427246094,189.1999969482422,191.80999755859375,189.1581573486328,45094300,0.0,0.0
2023-07-07 00:00:00-04:00,191.41000366210938,192.6699981689453,190.24000549316406,190.67999267578125,188.04376220703125,46815000,0.0,0.0
2023-07-10 00:00:00-04:00,189.25999450683594,189.99000549316406,187.0399932861328,188.61000061035156,186.0023956298828,59922200,0.0,0.0
2023-07-11 00:00:00-04:00,189.16000366210938,189.3000030517578,186.60000610351562,188.0800018310547,185.47970581054688,46638100,0.0,0.0
2023-07-12 00:00:00-04:00,189.67999267578125,191.6999969482422,188.47000122070312,189.77000427246094,187.14634704589844,60750200,0.0,0.0
2023-07-13 00:00:00-04:00,190.5,191.19000244140625,189.77999877929688,190.5399932861328,187.9057159423828,41342300,0.0,0.0
2023-07-14 00:00:00-04:00,190.22999572753906,191.17999267578125,189.6300048828125,190.69000244140625,188.0536346435547,41616200,0.0,0.0
2023-07-17 00:00:00-04:00,191.89999389648438,194.32000732421875,191.80999755859375,193.99000549316406,191.30801391601562,50520200,0.0,0.0
2023-07-18 00:00:00-04:00,193.35000610351562,194.3300018310547,192.4199981689453,193.72999572753906,191.05162048339844,48288200,0.0,0.0
2023-07-19 00:00:00-04:00,193.10000610351562,198.22999572753906,192.64999389648438,195.10000610351562,192.40269470214844,80507300,0.0,0.0
2023-07-20 00:00:00-04:00,195.08999633789062,196.47000122070312,192.5,193.1300048828125,190.45989990234375,59581200,0.0,0.0
2023-07-21 00:00:00-04:00,194.10000610351562,194.97000122070312,191.22999572753906,191.94000244140625,189.28634643554688,71951700,0.0,0.0
2023-07-24 00:00:00-04:00,193.41000366210938,194.91000366210938,192.25,192.75,190.08517456054688,45377800,0.0,0.0
2023-07-25 00:00:00-04:00,193.3300018310547,194.44000244140625,192.9199981689453,193.6199951171875,190.94313049316406,37283200,0.0,0.0
2023-07-26 00:00:00-04:00,193.6699981689453,195.63999938964844,193.32000732421875,194.5,191.81097412109375,47471900,0.0,0.0
2023-07-27 00:00:00-04:00,196.02000427246094,197.1999969482422,192.5500030517578,193.22000122070312,190.5486602783203,47460200,0.0,0.0
2023-07-28 00:00:00-04:00,194.6699981689453,196.6300048828125,194.13999938964844,195.8300018310547,193.12255859375,48291400,0.0,0.0
2023-07-31 00:00:00-04:00,196.05999755859375,196.49000549316406,195.25999450683594,196.4499969482422,193.7340087890625,38824100,0.0,0.0
2023-08-01 00:00:00-04:00,196.24000549316406,196.72999572753906,195.27999877929688,195.61000061035156,192.9055938720703,35175100,0.0,0.0
2023-08-02 00:00:00-04:00,195.0399932861328,195.17999267578125,191.85000610351562,192.5800018310547,189.91749572753906,50389300,0.0,0.0
2023-08-03 00:00:00-04:00,191.57000732421875,192.3699951171875,190.69000244140625,191.1699981689453,188.5269775390625,61235200,0.0,0.0
2023-08-04 00:00:00-04:00,185.52000427246094,187.3800048828125,181.9199981689453,181.99000549316406,179.47390747070312,115956800,0.0,0.0
2023-08-07 00:00:00-04:00,182.1300048828125,183.1300048828125,177.35000610351562,178.85000610351562,176.37733459472656,97576100,0.0,0.0
2023-08-08 00:00:00-04:00,179.69000244140625,180.27000427246094,177.5800018310547,179.8000030517578,177.31417846679688,67823000,0.0,0.0
2023-08-09 00:00:00-04:00,180.8699951171875,180.92999267578125,177.00999450683594,178.19000244140625,175.72645568847656,60378500,0.0,0.0
2023-08-10 00:00:00-04:00,179.47999572753906,180.75,177.60000610351562,177.97000122070312,175.50949096679688,54686900,0.0,0.0
2023-08-11 00:00:00-04:00,177.32000732421875,178.6199951171875,176.5500030517578,177.7899932861328,175.56874084472656,52036700,0.24,0.0
2023-08-14 00:00:00-04:00,177.97000122070312,179.69000244140625,177.30999755859375,179.4600067138672,177.21791076660156,43675600,0.0,0.0
2023-08-15 00:00:00-04:00,178.8800048828125,179.47999572753906,177.0500030517578,177.4499969482422,175.23300170898438,43622600,0.0,0.0
2023-08-16 00:00:00-04:00,177.1300048828125,178.5399932861328,176.5,176.57000732421875,174.364013671875,46964900,0.0,0.0
2023-08-17 00:00:00-04:00,177.13999938964844,177.50999450683594,173.47999572753906,174.0,171.8261260986328,66062900,0.0,0.0
2023-08-18 00:00:00-04:00,172.3000030517578,175.10000610351562,171.9600067138672,174.49000549316406,172.3099822998047,61172200,0.0,0.0
2023-08-21 00:00:00-04:00,175.07000732421875,176.1300048828125,173.74000549316406,175.83999633789062,173.64309692382812,46311900,0.0,0.0
2023-08-22 00:00:00-04:00,177.05999755859375,177.67999267578125,176.25,177.22999572753906,175.01573181152344,42038900,0.0,0.0
2023-08-23 00:00:00-04:00,178.52000427246094,181.5500030517578,178.3300018310547,181.1199951171875,178.85714721679688,52722800,0.0,0.0
2023-08-24 00:00:00-04:00,180.6699981689453,181.10000610351562,176.00999450683594,176.3800048828125,174.17637634277344,54945800,0.0,0.0
2023-08-25 00:00:00-04:00,177.3800048828125,179.14999389648438,175.82000732421875,178.61000061035156,176.3784942626953,51449600,0.0,0.0
2023-08-28 00:00:00-04:00,180.08999633789062,180.58999633789062,178.5500030517578,180.19000244140625,177.93878173828125,43820700,0.0,0.0
2023-08-29 00:00:00-04:00,179.6999969482422,184.89999389648438,179.5,184.1199951171875,181.81967163085938,53003900,0.0,0.0
2023-08-30 00:00:00-04:00,184.94000244140625,187.85000610351562,184.74000549316406,187.64999389648438,185.30555725097656,60813900,0.0,0.0
2023-08-31 00:00:00-04:00,187.83999633789062,189.1199951171875,187.47999572753906,187.8699951171875,185.5227813720703,60794500,0.0,0.0
2023-09-01 00:00:00-04:00,189.49000549316406,189.9199981689453,188.27999877929688,189.4600067138672,187.0929718017578,45766500,0.0,0.0
2023-09-05 00:00:00-04:00,188.27999877929688,189.97999572753906,187.61000061035156,189.6999969482422,187.32992553710938,45280000,0.0,0.0
2023-09-06 00:00:00-04:00,188.39999389648438,188.85000610351562,181.47000122070312,182.91000366210938,180.62478637695312,81755800,0.0,0.0
2023-09-07 00:00:00-04:00,175.17999267578125,178.2100067138672,173.5399932861328,177.55999755859375,175.3416290283203,112488800,0.0,0.0
2023-09-08 00:00:00-04:00,178.35000610351562,180.24000549316406,177.7899932861328,178.17999267578125,175.95387268066406,65551300,0.0,0.0
2023-09-11 00:00:00-04:00,180.07000732421875,180.3000030517578,177.33999633789062,179.36000061035156,177.119140625,58953100,0.0,0.0
2023-09-12 00:00:00-04:00,179.49000549316406,180.1300048828125,174.82000732421875,176.3000030517578,174.0973663330078,90370200,0.0,0.0
2023-09-13 00:00:00-04:00,176.50999450683594,177.3000030517578,173.97999572753906,174.2100067138672,172.03347778320312,84267900,0.0,0.0
2023-09-14 00:00:00-04:00,174.0,176.10000610351562,173.5800018310547,175.74000549316406,173.5443572998047,60895800,0.0,0.0
2023-09-15 00:00:00-04:00,176.47999572753906,176.5,173.82000732421875,175.00999450683594,172.82345581054688,109259500,0.0,0.0
2023-09-18 00:00:00-04:00,176.47999572753906,179.3800048828125,176.1699981689453,177.97000122070312,175.74649047851562,67257600,0.0,0.0
2023-09-19 00:00:00-04:00,177.52000427246094,179.6300048828125,177.1300048828125,179.07000732421875,176.83279418945312,51826900,0.0,0.0
2023-09-20 00:00:00-04:00,179.25999450683594,179.6999969482422,175.39999389648438,175.49000549316406,173.29747009277344,58436200,0.0,0.0
2023-09-21 00:00:00-04:00,174.5500030517578,176.3000030517578,173.86000061035156,173.92999267578125,171.75697326660156,63149100,0.0,0.0
2023-09-22 00:00:00-04:00,174.6699981689453,177.0800018310547,174.0500030517578,174.7899932861328,172.60621643066406,56725400,0.0,0.0
2023-09-25 00:00:00-04:00,174.1999969482422,176.97000122070312,174.14999389648438,176.0800018310547,173.88009643554688,46172700,0.0,0.0
2023-09-26 00:00:00-04:00,174.82000732421875,175.1999969482422,171.66000366210938,171.9600067138672,169.8115997314453,64588900,0.0,0.0
2023-09-27 00:00:00-04:00,172.6199951171875,173.0399932861328,169.0500030517578,170.42999267578125,168.30068969726562,66921800,0.0,0.0
2023-09-28 00:00:00-04:00,169.33999633789062,172.02999877929688,167.6199951171875,170.69000244140625,168.55746459960938,56294400,0.0,0.0
2023-09-29 00:00:00-04:00,172.02000427246094,173.07000732421875,170.33999633789062,171.2100067138672,169.0709686279297,51861100,0.0,0.0
2023-10-02 00:00:00-04:00,171.22000122070312,174.3000030517578,170.92999267578125,173.75,171.57919311523438,52164500,0.0,0.0
2023-10-03 00:00:00-04:00,172.25999450683594,173.6300048828125,170.82000732421875,172.39999389648438,170.24609375,49594600,0.0,0.0
2023-10-04 00:00:00-04:00,171.08999633789062,174.2100067138672,170.97000122070312,173.66000366210938,171.4903564453125,53020300,0.0,0.0
2023-10-05 00:00:00-04:00,173.7899932861328,175.4499969482422,172.67999267578125,174.91000366210938,172.72471618652344,48527900,0.0,0.0
2023-10-06 00:00:00-04:00,173.8000030517578,177.99000549316406,173.17999267578125,177.49000549316406,175.27252197265625,57266700,0.0,0.0
2023-10-09 00:00:00-04:00,176.80999755859375,179.0500030517578,175.8000030517578,178.99000549316406,176.7537841796875,42390800,0.0,0.0
2023-10-10 00:00:00-04:00,178.10000610351562,179.72000122070312,177.9499969482422,178.38999938964844,176.1612548828125,43698000,0.0,0.0
2023-10-11 00:00:00-04:00,178.1999969482422,179.85000610351562,177.60000610351562,179.8000030517578,177.55361938476562,47551100,0.0,0.0
2023-10-12 00:00:00-04:00,180.07000732421875,182.33999633789062,179.0399932861328,180.7100067138672,178.45228576660156,56743100,0.0,0.0
2023-10-13 00:00:00-04:00,181.4199981689453,181.92999267578125,178.13999938964844,178.85000610351562,176.61550903320312,51427100,0.0,0.0
2023-10-16 00:00:00-04:00,176.75,179.0800018310547,176.50999450683594,178.72000122070312,176.48715209960938,52517000,0.0,0.0
2023-10-17 00:00:00-04:00,176.64999389648438,178.4199981689453,174.8000030517578,177.14999389648438,174.93675231933594,57549400,0.0,0.0
2023-10-18 00:00:00-04:00,175.5800018310547,177.5800018310547,175.11000061035156,175.83999633789062,173.64309692382812,54764400,0.0,0.0
2023-10-19 00:00:00-04:00,176.0399932861328,177.83999633789062,175.19000244140625,175.4600067138672,173.2678680419922,59302900,0.0,0.0
2023-10-20 00:00:00-04:00,175.30999755859375,175.4199981689453,172.63999938964844,172.8800048828125,170.72007751464844,64244000,0.0,0.0
2023-10-23 00:00:00-04:00,170.91000366210938,174.00999450683594,169.92999267578125,173.0,170.83859252929688,55980100,0.0,0.0
2023-10-24 00:00:00-04:00,173.0500030517578,173.6699981689453,171.4499969482422,173.44000244140625,171.27310180664062,43816600,0.0,0.0
2023-10-25 00:00:00-04:00,171.8800048828125,173.05999755859375,170.64999389648438,171.10000610351562,168.96234130859375,57157000,0.0,0.0
2023-10-26 00:00:00-04:00,170.3699951171875,171.3800048828125,165.6699981689453,166.88999938964844,164.80494689941406,70625300,0.0,0.0
2023-10-27 00:00:00-04:00,166.91000366210938,168.9600067138672,166.8300018310547,168.22000122070312,166.11831665039062,58499100,0.0,0.0
2023-10-30 00:00:00-04:00,169.02000427246094,171.1699981689453,168.8699951171875,170.2899932861328,168.1624298095703,51131000,0.0,0.0
2023-10-31 00:00:00-04:00,169.35000610351562,170.89999389648438,167.89999389648438,170.77000427246094,168.63645935058594,44846000,0.0,0.0
2023-11-01 00:00:00-04:00,171.0,174.22999572753906,170.1199951171875,173.97000122070312,171.79647827148438,56934900,0.0,0.0
2023-11-02 00:00:00-04:00,175.52000427246094,177.77999877929688,175.4600067138672,177.57000732421875,175.35150146484375,77334800,0.0,0.0
2023-11-03 00:00:00-04:00,174.24000549316406,176.82000732421875,173.35000610351562,176.64999389648438,174.44297790527344,79829200,0.0,0.0
2023-11-06 00:00:00-05:00,176.3800048828125,179.42999267578125,176.2100067138672,179.22999572753906,176.99075317382812,63841300,0.0,0.0
2023-11-07 00:00:00-05:00,179.17999267578125,182.44000244140625,178.97000122070312,181.82000732421875,179.54840087890625,70530000,0.0,0.0
2023-11-08 00:00:00-05:00,182.35000610351562,183.4499969482422,181.58999633789062,182.88999938964844,180.6050262451172,49340300,0.0,0.0
2023-11-09 00:00:00-05:00,182.9600067138672,184.1199951171875,181.80999755859375,182.41000366210938,180.1310272216797,53763500,0.0,0.0
2023-11-10 00:00:00-05:00,183.97000122070312,186.57000732421875,183.52999877929688,186.39999389648438,184.31369018554688,66133400,0.24,0.0
2023-11-13 00:00:00-05:00,185.82000732421875,186.02999877929688,184.2100067138672,184.8000030517578,182.73159790039062,43627500,0.0,0.0
2023-11-14 00:00:00-05:00,187.6999969482422,188.11000061035156,186.3000030517578,187.44000244140625,185.342041015625,60108400,0.0,0.0
2023-11-15 00:00:00-05:00,187.85000610351562,189.5,187.77999877929688,188.00999450683594,185.9056396484375,53790500,0.0,0.0
2023-11-16 00:00:00-05:00,189.57000732421875,190.9600067138672,188.64999389648438,189.7100067138672,187.58663940429688,54412900,0.0,0.0
2023-11-17 00:00:00-05:00,190.25,190.3800048828125,188.57000732421875,189.69000244140625,187.56686401367188,50922700,0.0,0.0
2023-11-20 00:00:00-05:00,189.88999938964844,191.91000366210938,189.8800048828125,191.4499969482422,189.30715942382812,46505100,0.0,0.0
2023-11-21 00:00:00-05:00,191.41000366210938,191.52000427246094,189.74000549316406,190.63999938964844,188.50621032714844,38134500,0.0,0.0
2023-11-22 00:00:00-05:00,191.49000549316406,192.92999267578125,190.8300018310547,191.30999755859375,189.16871643066406,39617700,0.0,0.0
2023-11-24 00:00:00-05:00,190.8699951171875,190.89999389648438,189.25,189.97000122070312,187.84373474121094,24048300,0.0,0.0
2023-11-27 00:00:00-05:00,189.9199981689453,190.6699981689453,188.89999389648438,189.7899932861328,187.66571044921875,40552600,0.0,0.0
2023-11-28 00:00:00-05:00,189.77999877929688,191.0800018310547,189.39999389648438,190.39999389648438,188.26889038085938,38415400,0.0,0.0
2023-11-29 00:00:00-05:00,190.89999389648438,192.08999633789062,188.97000122070312,189.3699951171875,187.25045776367188,43014200,0.0,0.0
2023-11-30 00:00:00-05:00,189.83999633789062,190.32000732421875,188.19000244140625,189.9499969482422,187.82391357421875,48794400,0.0,0.0
2023-12-01 00:00:00-05:00,190.3300018310547,191.55999755859375,189.22999572753906,191.24000549316406,189.09950256347656,45704800,0.0,0.0
2023-12-04 00:00:00-05:00,189.97999572753906,190.0500030517578,187.4499969482422,189.42999267578125,187.30975341796875,43389500,0.0,0.0
2023-12-05 00:00:00-05:00,190.2100067138672,194.39999389648438,190.17999267578125,193.4199981689453,191.25509643554688,66628400,0.0,0.0
2023-12-06 00:00:00-05:00,194.4499969482422,194.75999450683594,192.11000061035156,192.32000732421875,190.16744995117188,41089700,0.0,0.0
2023-12-07 00:00:00-05:00,193.6300048828125,195.0,193.58999633789062,194.27000427246094,192.0955810546875,47477700,0.0,0.0
2023-12-08 00:00:00-05:00,194.1999969482422,195.99000549316406,193.6699981689453,195.7100067138672,193.51950073242188,53406400,0.0,0.0
2023-12-11 00:00:00-05:00,193.11000061035156,193.49000549316406,191.4199981689453,193.17999267578125,191.01780700683594,60943700,0.0,0.0
2023-12-12 00:00:00-05:00,193.0800018310547,194.72000122070312,191.72000122070312,194.7100067138672,192.53067016601562,52696900,0.0,0.0
2023-12-13 00:00:00-05:00,195.08999633789062,198.0,194.85000610351562,197.9600067138672,195.74427795410156,70404200,0.0,0.0
2023-12-14 00:00:00-05:00,198.02000427246094,199.6199951171875,196.16000366210938,198.11000061035156,195.89259338378906,66831600,0.0,0.0
2023-12-15 00:00:00-05:00,197.52999877929688,198.39999389648438,197.0,197.57000732421875,195.35865783691406,128538400,0.0,0.0
2023-12-18 00:00:00-05:00,196.08999633789062,196.6300048828125,194.38999938964844,195.88999938964844,193.6974334716797,55751900,0.0,0.0
2023-12-19 00:00:00-05:00,196.16000366210938,196.9499969482422,195.88999938964844,196.94000244140625,194.7357177734375,40714100,0.0,0.0
2023-12-20 00:00:00-05:00,196.89999389648438,197.67999267578125,194.8300018310547,194.8300018310547,192.64932250976562,52242800,0.0,0.0
2023-12-21 00:00:00-05:00,196.10000610351562,197.0800018310547,193.5,194.67999267578125,192.5010223388672,46482500,0.0,0.0
2023-12-22 00:00:00-05:00,195.17999267578125,195.41000366210938,192.97000122070312,193.60000610351562,191.43310546875,37149600,0.0,0.0
2023-12-26 00:00:00-05:00,193.61000061035156,193.88999938964844,192.8300018310547,193.0500030517578,190.8892822265625,28919300,0.0,0.0
2023-12-27 00:00:00-05:00,192.49000549316406,193.5,191.08999633789062,193.14999389648438,190.9881134033203,48087700,0.0,0.0
2023-12-28 00:00:00-05:00,194.13999938964844,194.66000366210938,193.1699981689453,193.5800018310547,191.413330078125,34049900,0.0,0.0
2023-12-29 00:00:00-05:00,193.89999389648438,194.39999389648438,191.72999572753906,192.52999877929688,190.3750762939453,42672100,0.0,0.0
2024-01-02 00:00:00-05:00,187.14999389648438,188.44000244140625,183.88999938964844,185.63999938964844,183.5621795654297,82488700,0.0,0.0
2024-01-03 00:00:00-05:00,184.22000122070312,185.8800048828125,183.42999267578125,184.25,182.187744140625,58414500,0.0,0.0
2024-01-04 00:00:00-05:00,182.14999389648438,183.08999633789062,180.8800048828125,181.91000366210938,179.87393188476562,71983600,0.0,0.0
2024-01-05 00:00:00-05:00,181.99000549316406,182.75999450683594,180.1699981689453,181.17999267578125,179.15208435058594,62379700,0.0,0.0
2024-01-08 00:00:00-05:00,182.08999633789062,185.60000610351562,181.5,185.55999755859375,183.4831085205078,59144500,0.0,0.0
2024-01-09 00:00:00-05:00,183.9199981689453,185.14999389648438,182.72999572753906,185.13999938964844,183.0677947998047,42841800,0.0,0.0
2024-01-10 00:00:00-05:00,184.35000610351562,186.39999389648438,183.9199981689453,186.19000244140625,184.1060333251953,46792900,0.0,0.0
2024-01-11 00:00:00-05:00,186.5399932861328,187.0500030517578,183.6199951171875,185.58999633789062,183.5127410888672,49128400,0.0,0.0
2024-01-12 00:00:00-05:00,186.05999755859375,186.74000549316406,185.19000244140625,185.9199981689453,183.83908081054688,40477800,0.0,0.0
2024-01-16 00:00:00-05:00,182.16000366210938,184.25999450683594,180.92999267578125,183.6300048828125,181.5746612548828,65603000,0.0,0.0
2024-01-17 00:00:00-05:00,181.27000427246094,182.92999267578125,180.3000030517578,182.67999267578125,180.63531494140625,47317400,0.0,0.0
2024-01-18 00:00:00-05:00,186.08999633789062,189.13999938964844,185.8300018310547,188.6300048828125,186.5187225341797,78005800,0.0,0.0
2024-01-19 00:00:00-05:00,189.3300018310547,191.9499969482422,188.82000732421875,191.55999755859375,189.4159393310547,68903000,0.0,0.0
2024-01-22 00:00:00-05:00,192.3000030517578,195.3300018310547,192.25999450683594,193.88999938964844,191.71983337402344,60133900,0.0,0.0
2024-01-23 00:00:00-05:00,195.02000427246094,195.75,193.8300018310547,195.17999267578125,192.9954071044922,42355600,0.0,0.0
2024-01-24 00:00:00-05:00,195.4199981689453,196.3800048828125,194.33999633789062,194.5,192.3230438232422,53631300,0.0,0.0
2024-01-25 00:00:00-05:00,195.22000122070312,196.27000427246094,193.11000061035156,194.1699981689453,191.99671936035156,54822100,0.0,0.0
2024-01-26 00:00:00-05:00,194.27000427246094,194.75999450683594,191.94000244140625,192.4199981689453,190.2663116455078,44594000,0.0,0.0
2024-01-29 00:00:00-05:00,192.00999450683594,192.1999969482422,189.5800018310547,191.72999572753906,189.5840301513672,47145600,0.0,0.0
2024-01-30 00:00:00-05:00,190.94000244140625,191.8000030517578,187.47000122070312,188.0399932861328,185.93531799316406,55859400,0.0,0.0
2024-01-31 00:00:00-05:00,187.0399932861328,187.10000610351562,184.35000610351562,184.39999389648438,182.33607482910156,55467800,0.0,0.0
2024-02-01 00:00:00-05:00,183.99000549316406,186.9499969482422,183.82000732421875,186.86000061035156,184.76852416992188,64885400,0.0,0.0
2024-02-02 00:00:00-05:00,179.86000061035156,187.3300018310547,179.25,185.85000610351562,183.76986694335938,102551700,0.0,0.0
2024-02-05 00:00:00-05:00,188.14999389648438,189.25,185.83999633789062,187.67999267578125,185.579345703125,69668800,0.0,0.0
2024-02-06 00:00:00-05:00,186.86000061035156,189.30999755859375,186.77000427246094,189.3000030517578,187.1812286376953,43490800,0.0,0.0
2024-02-07 00:00:00-05:00,190.63999938964844,191.0500030517578,188.61000061035156,189.41000366210938,187.2899932861328,53439000,0.0,0.0
2024-02-08 00:00:00-05:00,189.38999938964844,189.5399932861328,187.35000610351562,188.32000732421875,186.21217346191406,40962000,0.0,0.0
2024-02-09 00:00:00-05:00,188.64999389648438,189.99000549316406,188.0,188.85000610351562,186.9745330810547,45155200,0.24,0.0
2024-02-12 00:00:00-05:00,188.4199981689453,188.6699981689453,186.7899932861328,187.14999389648438,185.29141235351562,41781900,0.0,0.0
2024-02-13 00:00:00-05:00,185.77000427246094,186.2100067138672,183.50999450683594,185.0399932861328,183.20236206054688,56529500,0.0,0.0
2024-02-14 00:00:00-05:00,185.32000732421875,185.52999877929688,182.44000244140625,184.14999389648438,182.32122802734375,54630500,0.0,0.0
2024-02-15 00:00:00-05:00,183.5500030517578,184.49000549316406,181.35000610351562,183.86000061035156,182.03411865234375,65434500,0.0,0.0
2024-02-16 00:00:00-05:00,183.4199981689453,184.85000610351562,181.6699981689453,182.30999755859375,180.49951171875,49752500,0.0,0.0
2024-02-20 00:00:00-05:00,181.7899932861328,182.42999267578125,180.0,181.55999755859375,179.7569122314453,53665600,0.0,0.0
2024-02-21 00:00:00-05:00,181.94000244140625,182.88999938964844,180.66000366210938,182.32000732421875,180.50938415527344,41371400,0.0,0.0
2024-02-22 00:00:00-05:00,183.47999572753906,184.9600067138672,182.4600067138672,184.3699951171875,182.5390167236328,52292200,0.0,0.0
2024-02-23 00:00:00-05:00,185.00999450683594,185.0399932861328,182.22999572753906,182.52000427246094,180.7073974609375,45119700,0.0,0.0
2024-02-26 00:00:00-05:00,182.24000549316406,182.75999450683594,180.64999389648438,181.16000366210938,179.36093139648438,40867400,0.0,0.0
2024-02-27 00:00:00-05:00,181.10000610351562,183.9199981689453,179.55999755859375,182.6300048828125,180.8163299560547,54318900,0.0,0.0
2024-02-28 00:00:00-05:00,182.50999450683594,183.1199951171875,180.1300048828125,181.4199981689453,179.61831665039062,48953900,0.0,0.0
2024-02-29 00:00:00-05:00,181.27000427246094,182.57000732421875,179.52999877929688,180.75,178.95497131347656,136682600,0.0,0.0
2024-03-01 00:00:00-05:00,179.5500030517578,180.52999877929688,177.3800048828125,179.66000366210938,177.8758087158203,73563100,0.0,0.0
2024-03-04 00:00:00-05:00,176.14999389648438,176.89999389648438,173.7899932861328,175.10000610351562,173.36109924316406,81510100,0.0,0.0
2024-03-05 00:00:00-05:00,170.75999450683594,172.0399932861328,169.6199951171875,170.1199951171875,168.4305419921875,95132400,0.0,0.0
2024-03-06 00:00:00-05:00,171.05999755859375,171.24000549316406,168.67999267578125,169.1199951171875,167.4404754638672,68587700,0.0,0.0
2024-03-07 00:00:00-05:00,169.14999389648438,170.72999572753906,168.49000549316406,169.0,167.32167053222656,71765100,0.0,0.0
2024-03-08 00:00:00-05:00,169.0,173.6999969482422,168.94000244140625,170.72999572753906,169.03451538085938,76267000,0.0,0.0
2024-03-11 00:00:00-04:00,172.94000244140625,174.3800048828125,172.0500030517578,172.75,171.03443908691406,60139500,0.0,0.0
2024-03-12 00:00:00-04:00,173.14999389648438,174.02999877929688,171.00999450683594,173.22999572753906,171.50967407226562,59825400,0.0,0.0
2024-03-13 00:00:00-04:00,172.77000427246094,173.19000244140625,170.75999450683594,171.1300048828125,169.43052673339844,52488700,0.0,0.0
2024-03-14 00:00:00-04:00,172.91000366210938,174.30999755859375,172.0500030517578,173.0,171.28196716308594,72913500,0.0,0.0
2024-03-15 00:00:00-04:00,171.1699981689453,172.6199951171875,170.2899932861328,172.6199951171875,170.90570068359375,121752700,0.0,0.0
2024-03-18 00:00:00-04:00,175.57000732421875,177.7100067138672,173.52000427246094,173.72000122070312,171.9947967529297,75604200,0.0,0.0
2024-03-19 00:00:00-04:00,174.33999633789062,176.61000061035156,173.02999877929688,176.0800018310547,174.33135986328125,55215200,0.0,0.0
2024-03-20 00:00:00-04:00,175.72000122070312,178.6699981689453,175.08999633789062,178.6699981689453,176.89564514160156,53423100,0.0,0.0
2024-03-21 00:00:00-04:00,177.0500030517578,177.49000549316406,170.83999633789062,171.3699951171875,169.6681671142578,106181300,0.0,0.0
2024-03-22 00:00:00-04:00,171.75999450683594,173.0500030517578,170.05999755859375,172.27999877929688,170.56910705566406,71160100,0.0,0.0
2024-03-25 00:00:00-04:00,170.57000732421875,171.94000244140625,169.4499969482422,170.85000610351562,169.15330505371094,54288300,0.0,0.0
2024-03-26 00:00:00-04:00,170.0,171.4199981689453,169.5800018310547,169.7100067138672,168.024658203125,57388400,0.0,0.0
2024-03-27 00:00:00-04:00,170.41000366210938,173.60000610351562,170.11000061035156,173.30999755859375,171.5888671875,60273300,0.0,0.0
2024-03-28 00:00:00-04:00,171.75,172.22999572753906,170.50999450683594,171.47999572753906,169.77703857421875,65672700,0.0,0.0
2024-04-01 00:00:00-04:00,171.19000244140625,171.25,169.47999572753906,170.02999877929688,168.34144592285156,46240500,0.0,0.0
2024-04-02 00:00:00-04:00,169.0800018310547,169.33999633789062,168.22999572753906,168.83999633789062,167.16326904296875,49329500,0.0,0.0
2024-04-03 00:00:00-04:00,168.7899932861328,170.67999267578125,168.5800018310547,169.64999389648438,167.96519470214844,47691700,0.0,0.0
2024-04-04 00:00:00-04:00,170.2899932861328,171.9199981689453,168.82000732421875,168.82000732421875,167.14344787597656,53704400,0.0,0.0
2024-04-05 00:00:00-04:00,169.58999633789062,170.38999938964844,168.9499969482422,169.5800018310547,167.89588928222656,42104800,0.0,0.0
2024-04-08 00:00:00-04:00,169.02999877929688,169.1999969482422,168.24000549316406,168.4499969482422,166.77711486816406,37425500,0.0,0.0
2024-04-09 00:00:00-04:00,168.6999969482422,170.0800018310547,168.35000610351562,169.6699981689453,167.9850311279297,42373800,0.0,0.0
2024-04-10 00:00:00-04:00,168.8000030517578,169.08999633789062,167.11000061035156,167.77999877929688,166.11378479003906,49709300,0.0,0.0
2024-04-11 00:00:00-04:00,168.33999633789062,175.4600067138672,168.16000366210938,175.0399932861328,173.3016815185547,91070300,0.0,0.0
2024-04-12 00:00:00-04:00,174.25999450683594,178.36000061035156,174.2100067138672,176.5500030517578,174.7967071533203,101670900,0.0,0.0
2024-04-15 00:00:00-04:00,175.36000061035156,176.6300048828125,172.5,172.69000244140625,170.97500610351562,73531800,0.0,0.0
2024-04-16 00:00:00-04:00,171.75,173.75999450683594,168.27000427246094,169.3800048828125,167.69789123535156,73711200,0.0,0.0
2024-04-17 00:00:00-04:00,169.61000061035156,170.64999389648438,168.0,168.0,166.33160400390625,50901200,0.0,0.0
2024-04-18 00:00:00-04:00,168.02999877929688,168.63999938964844,166.5500030517578,167.0399932861328,165.38113403320312,43122900,0.0,0.0
2024-04-19 00:00:00-04:00,166.2100067138672,166.39999389648438,164.0800018310547,165.0,163.36138916015625,68149400,0.0,0.0
2024-04-22 00:00:00-04:00,165.52000427246094,167.25999450683594,164.77000427246094,165.83999633789062,164.1930694580078,48116400,0.0,0.0
2024-04-23 00:00:00-04:00,165.35000610351562,167.0500030517578,164.9199981689453,166.89999389648438,165.2425079345703,49537800,0.0,0.0
2024-04-24 00:00:00-04:00,166.5399932861328,169.3000030517578,166.2100067138672,169.02000427246094,167.34146118164062,48251800,0.0,0.0
2024-04-25 00:00:00-04:00,169.52999877929688,170.61000061035156,168.14999389648438,169.88999938964844,168.20285034179688,50558300,0.0,0.0
2024-04-26 00:00:00-04:00,169.8800048828125,171.33999633789062,169.17999267578125,169.3000030517578,167.61866760253906,44838400,0.0,0.0
2024-04-29 00:00:00-04:00,173.3699951171875,176.02999877929688,173.10000610351562,173.5,171.7769775390625,68169400,0.0,0.0
2024-04-30 00:00:00-04:00,173.3300018310547,174.99000549316406,170.0,170.3300018310547,168.63845825195312,65934800,0.0,0.0
2024-05-01 00:00:00-04:00,169.5800018310547,172.7100067138672,169.11000061035156,169.3000030517578,167.61866760253906,50383100,0.0,0.0
2024-05-02 00:00:00-04:00,172.50999450683594,173.4199981689453,170.88999938964844,173.02999877929688,171.3116455078125,94214900,0.0,0.0
2024-05-03 00:00:00-04:00,186.64999389648438,187.0,182.66000366210938,183.3800048828125,181.55886840820312,163224100,0.0,0.0
2024-05-06 00:00:00-04:00,182.35000610351562,184.1999969482422,180.4199981689453,181.7100067138672,179.9054412841797,78569700,0.0,0.0
2024-05-07 00:00:00-04:00,183.4499969482422,184.89999389648438,181.32000732421875,182.39999389648438,180.58859252929688,77305800,0.0,0.0
2024-05-08 00:00:00-04:00,182.85000610351562,183.07000732421875,181.4499969482422,182.74000549316406,180.92523193359375,45057100,0.0,0.0
2024-05-09 00:00:00-04:00,182.55999755859375,184.66000366210938,182.11000061035156,184.57000732421875,182.73707580566406,48983000,0.0,0.0
2024-05-10 00:00:00-04:00,184.89999389648438,185.08999633789062,182.1300048828125,183.0500030517578,181.47796630859375,50759500,0.25,0.0
2024-05-13 00:00:00-04:00,185.44000244140625,187.10000610351562,184.6199951171875,186.27999877929688,184.6802215576172,72044800,0.0,0.0
2024-05-14 00:00:00-04:00,187.50999450683594,188.3000030517578,186.2899932861328,187.42999267578125,185.82032775878906,52393600,0.0,0.0
2024-05-15 00:00:00-04:00,187.91000366210938,190.64999389648438,187.3699951171875,189.72000122070312,188.0906982421875,70400000,0.0,0.0
2024-05-16 00:00:00-04:00,190.47000122070312,191.10000610351562,189.66000366210938,189.83999633789062,188.20962524414062,52845200,0.0,0.0
2024-05-17 00:00:00-04:00,189.50999450683594,190.80999755859375,189.17999267578125,189.8699951171875,188.23939514160156,41282900,0.0,0.0
2024-05-20 00:00:00-04:00,189.3300018310547,191.9199981689453,189.00999450683594,191.0399932861328,189.39932250976562,44361300,0.0,0.0
2024-05-21 00:00:00-04:00,191.08999633789062,192.72999572753906,190.9199981689453,192.35000610351562,190.69808959960938,42309400,0.0,0.0
2024-05-22 00:00:00-04:00,192.27000427246094,192.82000732421875,190.27000427246094,190.89999389648438,189.26052856445312,34648500,0.0,0.0
2024-05-23 00:00:00-04:00,190.97999572753906,191.0,186.6300048828125,186.8800048828125,185.27505493164062,51005900,0.0,0.0
2024-05-24 00:00:00-04:00,188.82000732421875,190.5800018310547,188.0399932861328,189.97999572753906,188.3484344482422,36327000,0.0,0.0
2024-05-28 00:00:00-04:00,191.50999450683594,193.0,189.10000610351562,189.99000549316406,188.35833740234375,52280100,0.0,0.0
2024-05-29 00:00:00-04:00,189.61000061035156,192.25,189.50999450683594,190.2899932861328,188.65579223632812,53068000,0.0,0.0
2024-05-30 00:00:00-04:00,190.75999450683594,192.17999267578125,190.6300048828125,191.2899932861328,189.64718627929688,49889100,0.0,0.0
2024-05-31 00:00:00-04:00,191.44000244140625,192.57000732421875,189.91000366210938,192.25,190.59896850585938,75158300,0.0,0.0
2024-06-03 00:00:00-04:00,192.89999389648438,194.99000549316406,192.52000427246094,194.02999877929688,192.36367797851562,50080500,0.0,0.0
2024-06-04 00:00:00-04:00,194.63999938964844,195.32000732421875,193.02999877929688,194.35000610351562,192.68093872070312,47471400,0.0,0.0
2024-06-05 00:00:00-04:00,195.39999389648438,196.89999389648438,194.8699951171875,195.8699951171875,194.1878662109375,54156800,0.0,0.0
2024-06-06 00:00:00-04:00,195.69000244140625,196.5,194.1699981689453,194.47999572753906,192.80978393554688,41181800,0.0,0.0
2024-06-07 00:00:00-04:00,194.64999389648438,196.94000244140625,194.13999938964844,196.88999938964844,195.1990966796875,53103900,0.0,0.0
2024-06-10 00:00:00-04:00,196.89999389648438,197.3000030517578,192.14999389648438,193.1199951171875,191.4615020751953,97010200,0.0,0.0
2024-06-11 00:00:00-04:00,193.64999389648438,207.16000366210938,193.6300048828125,207.14999389648438,205.37098693847656,172373300,0.0,0.0
2024-06-12 00:00:00-04:00,207.3699951171875,220.1999969482422,206.89999389648438,213.07000732421875,211.2401580810547,198134300,0.0,0.0
2024-06-13 00:00:00-04:00,214.74000549316406,216.75,211.60000610351562,214.24000549316406,212.4001007080078,97862700,0.0,0.0
2024-06-14 00:00:00-04:00,213.85000610351562,215.1699981689453,211.3000030517578,212.49000549316406,210.66513061523438,70122700,0.0,0.0
2024-06-17 00:00:00-04:00,213.3699951171875,218.9499969482422,212.72000122070312,216.6699981689453,214.80921936035156,93728300,0.0,0.0
2024-06-18 00:00:00-04:00,217.58999633789062,218.6300048828125,213.0,214.2899932861328,212.4496612548828,79943300,0.0,0.0
2024-06-20 00:00:00-04:00,213.92999267578125,214.24000549316406,208.85000610351562,209.67999267578125,207.87925720214844,86172500,0.0,0.0
2024-06-21 00:00:00-04:00,210.38999938964844,211.88999938964844,207.11000061035156,207.49000549316406,205.70806884765625,241805100,0.0,0.0
2024-06-24 00:00:00-04:00,207.72000122070312,212.6999969482422,206.58999633789062,208.13999938964844,206.35247802734375,80727000,0.0,0.0
2024-06-25 00:00:00-04:00,209.14999389648438,211.3800048828125,208.61000061035156,209.07000732421875,207.27450561523438,55549700,0.0,0.0
2024-06-26 00:00:00-04:00,211.5,214.86000061035156,210.63999938964844,213.25,211.41856384277344,66213200,0.0,0.0
2024-06-27 00:00:00-04:00,214.69000244140625,215.74000549316406,212.35000610351562,214.10000610351562,212.26132202148438,49772700,0.0,0.0
2024-06-28 00:00:00-04:00,215.77000427246094,216.07000732421875,210.3000030517578,210.6199951171875,208.81118774414062,82542700,0.0,0.0
2024-07-01 00:00:00-04:00,212.08999633789062,217.50999450683594,211.9199981689453,216.75,214.88853454589844,60402900,0.0,0.0
2024-07-02 00:00:00-04:00,216.14999389648438,220.3800048828125,215.10000610351562,220.27000427246094,218.37831115722656,58046200,0.0,0.0
2024-07-03 00:00:00-04:00,220.0,221.5500030517578,219.02999877929688,221.5500030517578,219.64730834960938,37369800,0.0,0.0
2024-07-05 00:00:00-04:00,221.64999389648438,226.4499969482422,221.64999389648438,226.33999633789062,224.3961944580078,60412400,0.0,0.0
2024-07-08 00:00:00-04:00,227.08999633789062,227.85000610351562,223.25,227.82000732421875,225.86349487304688,59085900,0.0,0.0
2024-07-09 00:00:00-04:00,227.92999267578125,229.39999389648438,226.3699951171875,228.67999267578125,226.71607971191406,48076100,0.0,0.0
2024-07-10 00:00:00-04:00,229.3000030517578,233.0800018310547,229.25,232.97999572753906,230.9791717529297,62627700,0.0,0.0
2024-07-11 00:00:00-04:00,231.38999938964844,232.38999938964844,225.77000427246094,227.57000732421875,225.61563110351562,64710600,0.0,0.0
2024-07-12 00:00:00-04:00,228.9199981689453,232.63999938964844,228.67999267578125,230.5399932861328,228.56008911132812,53046500,0.0,0.0
2024-07-15 00:00:00-04:00,236.47999572753906,237.22999572753906,233.08999633789062,234.39999389648438,232.38694763183594,62631300,0.0,0.0
2024-07-16 00:00:00-04:00,235.0,236.27000427246094,232.3300018310547,234.82000732421875,232.80337524414062,43234300,0.0,0.0
2024-07-17 00:00:00-04:00,229.4499969482422,231.4600067138672,226.63999938964844,228.8800048828125,226.91439819335938,57345900,0.0,0.0
2024-07-18 00:00:00-04:00,230.27999877929688,230.44000244140625,222.27000427246094,224.17999267578125,222.2547149658203,66034600,0.0,0.0
2024-07-19 00:00:00-04:00,224.82000732421875,226.8000030517578,223.27999877929688,224.30999755859375,222.3836212158203,49151500,0.0,0.0
2024-07-22 00:00:00-04:00,227.00999450683594,227.77999877929688,223.08999633789062,223.9600067138672,222.03663635253906,48201800,0.0,0.0
2024-07-23 00:00:00-04:00,224.3699951171875,226.94000244140625,222.67999267578125,225.00999450683594,223.07760620117188,39960300,0.0,0.0
2024-07-24 00:00:00-04:00,224.0,224.8000030517578,217.1300048828125,218.5399932861328,216.66314697265625,61777600,0.0,0.0
2024-07-25 00:00:00-04:00,218.92999267578125,220.85000610351562,214.6199951171875,217.49000549316406,215.6221923828125,51391200,0.0,0.0
2024-07-26 00:00:00-04:00,218.6999969482422,219.49000549316406,216.00999450683594,217.9600067138672,216.0881805419922,41601300,0.0,0.0
2024-07-29 00:00:00-04:00,216.9600067138672,219.3000030517578,215.75,218.24000549316406,216.36575317382812,36311800,0.0,0.0
2024-07-30 00:00:00-04:00,219.19000244140625,220.3300018310547,216.1199951171875,218.8000030517578,216.9209442138672,41643800,0.0,0.0
2024-07-31 00:00:00-04:00,221.44000244140625,223.82000732421875,220.6300048828125,222.0800018310547,220.17274475097656,50036300,0.0,0.0
2024-08-01 00:00:00-04:00,224.3699951171875,224.47999572753906,217.02000427246094,218.36000061035156,216.48471069335938,62501000,0.0,0.0
2024-08-02 00:00:00-04:00,219.14999389648438,225.60000610351562,217.7100067138672,219.86000061035156,217.97183227539062,105568600,0.0,0.0
2024-08-05 00:00:00-04:00,199.08999633789062,213.5,196.0,209.27000427246094,207.47279357910156,119548600,0.0,0.0
2024-08-06 00:00:00-04:00,205.3000030517578,209.99000549316406,201.07000732421875,207.22999572753906,205.45028686523438,69660500,0.0,0.0
2024-08-07 00:00:00-04:00,206.89999389648438,213.63999938964844,206.38999938964844,209.82000732421875,208.01805114746094,63516400,0.0,0.0
2024-08-08 00:00:00-04:00,213.11000061035156,214.1999969482422,208.8300018310547,213.30999755859375,211.47808837890625,47161100,0.0,0.0
2024-08-09 00:00:00-04:00,212.10000610351562,216.77999877929688,211.97000122070312,216.24000549316406,214.38291931152344,42201600,0.0,0.0
2024-08-12 00:00:00-04:00,216.07000732421875,219.50999450683594,215.60000610351562,217.52999877929688,215.91146850585938,38028100,0.25,0.0
2024-08-13 00:00:00-04:00,219.00999450683594,221.88999938964844,219.00999450683594,221.27000427246094,219.6236572265625,44155300,0.0,0.0
2024-08-14 00:00:00-04:00,220.57000732421875,223.02999877929688,219.6999969482422,221.72000122070312,220.07029724121094,41960600,0.0,0.0
2024-08-15 00:00:00-04:00,224.60000610351562,225.35000610351562,222.75999450683594,224.72000122070312,223.04798889160156,46414000,0.0,0.0
2024-08-16 00:00:00-04:00,223.9199981689453,226.8300018310547,223.64999389648438,226.0500030517578,224.36807250976562,44340200,0.0,0.0
2024-08-19 00:00:00-04:00,225.72000122070312,225.99000549316406,223.0399932861328,225.88999938964844,224.20925903320312,40687800,0.0,0.0
2024-08-20 00:00:00-04:00,225.77000427246094,227.1699981689453,225.4499969482422,226.50999450683594,224.8246307373047,30299000,0.0,0.0
2024-08-21 00:00:00-04:00,226.52000427246094,227.97999572753906,225.0500030517578,226.39999389648438,224.71546936035156,34765500,0.0,0.0
2024-08-22 00:00:00-04:00,227.7899932861328,228.33999633789062,223.89999389648438,224.52999877929688,222.859375,43695300,0.0,0.0
2024-08-23 00:00:00-04:00,225.66000366210938,228.22000122070312,224.3300018310547,226.83999633789062,225.1521759033203,38677300,0.0,0.0
2024-08-26 00:00:00-04:00,226.75999450683594,227.27999877929688,223.88999938964844,227.17999267578125,225.48968505859375,30602200,0.0,0.0
2024-08-27 00:00:00-04:00,226.0,228.85000610351562,224.88999938964844,228.02999877929688,226.33335876464844,35934600,0.0,0.0
2024-08-28 00:00:00-04:00,227.9199981689453,229.86000061035156,225.67999267578125,226.49000549316406,224.8048095703125,38052200,0.0,0.0
2024-08-29 00:00:00-04:00,230.10000610351562,232.9199981689453,228.8800048828125,229.7899932861328,228.08026123046875,51906300,0.0,0.0
2024-08-30 00:00:00-04:00,230.19000244140625,230.39999389648438,227.47999572753906,229.0,227.29611206054688,52990800,0.0,0.0
2024-09-03 00:00:00-04:00,228.5500030517578,229.0,221.1699981689453,222.77000427246094,221.1124725341797,50190600,0.0,0.0
2024-09-04 00:00:00-04:00,221.66000366210938,221.77999877929688,217.47999572753906,220.85000610351562,219.20677185058594,43840200,0.0,0.0
2024-09-05 00:00:00-04:00,221.6300048828125,225.47999572753906,221.52000427246094,222.3800048828125,220.7253875732422,36615400,0.0,0.0
2024-09-06 00:00:00-04:00,223.9499969482422,225.24000549316406,219.77000427246094,220.82000732421875,219.17698669433594,48423000,0.0,0.0
2024-09-09 00:00:00-04:00,220.82000732421875,221.27000427246094,216.7100067138672,220.91000366210938,219.26632690429688,67180000,0.0,0.0
2024-09-10 00:00:00-04:00,218.9199981689453,221.47999572753906,216.72999572753906,220.11000061035156,218.47225952148438,51591000,0.0,0.0
2024-09-11 00:00:00-04:00,221.4600067138672,223.08999633789062,217.88999938964844,222.66000366210938,221.0032958984375,44587100,0.0,0.0
2024-09-12 00:00:00-04:00,222.5,223.5500030517578,219.82000732421875,222.77000427246094,221.1124725341797,37455600,0.0,0.0
2024-09-13 00:00:00-04:00,223.5800018310547,224.0399932861328,221.91000366210938,222.5,220.844482421875,36766600,0.0,0.0
2024-09-16 00:00:00-04:00,216.5399932861328,217.22000122070312,213.9199981689453,216.32000732421875,214.71044921875,59357400,0.0,0.0
2024-09-17 00:00:00-04:00,215.75,216.89999389648438,214.5,216.7899932861328,215.17698669433594,45519300,0.0,0.0
2024-09-18 00:00:00-04:00,217.5500030517578,222.7100067138672,217.5399932861328,220.69000244140625,219.0479736328125,59894900,0.0,0.0
2024-09-19 00:00:00-04:00,224.99000549316406,229.82000732421875,224.6300048828125,228.8699951171875,227.16709899902344,66781300,0.0,0.0
2024-09-20 00:00:00-04:00,229.97000122070312,233.08999633789062,227.6199951171875,228.1999969482422,226.50205993652344,318679900,0.0,0.0
2024-09-23 00:00:00-04:00,227.33999633789062,229.4499969482422,225.80999755859375,226.47000122070312,224.7849578857422,54146000,0.0,0.0
2024-09-24 00:00:00-04:00,228.64999389648438,229.35000610351562,225.72999572753906,227.3699951171875,225.67823791503906,43556100,0.0,0.0
2024-09-25 00:00:00-04:00,224.92999267578125,227.2899932861328,224.02000427246094,226.3699951171875,224.6856689453125,42308700,0.0,0.0
2024-09-26 00:00:00-04:00,227.3000030517578,228.5,225.41000366210938,227.52000427246094,225.82711791992188,36636700,0.0,0.0
2024-09-27 00:00:00-04:00,228.4600067138672,229.52000427246094,227.3000030517578,227.7899932861328,226.09510803222656,34026000,0.0,0.0
2024-09-30 00:00:00-04:00,230.0399932861328,233.0,229.64999389648438,233.0,231.26634216308594,54541900,0.0,0.0
2024-10-01 00:00:00-04:00,229.52000427246094,229.64999389648438,223.74000549316406,226.2100067138672,224.5269012451172,63285000,0.0,0.0
2024-10-02 00:00:00-04:00,225.88999938964844,227.3699951171875,223.02000427246094,226.77999877929688,225.0926513671875,32880600,0.0,0.0
2024-10-03 00:00:00-04:00,225.13999938964844,226.80999755859375,223.32000732421875,225.6699981689453,223.99087524414062,34044200,0.0,0.0
2024-10-04 00:00:00-04:00,227.89999389648438,228.0,224.1300048828125,226.8000030517578,225.1125030517578,37245100,0.0,0.0
2024-10-07 00:00:00-04:00,224.5,225.69000244140625,221.3300018310547,221.69000244140625,220.04049682617188,39505400,0.0,0.0
2024-10-08 00:00:00-04:00,224.3000030517578,225.97999572753906,223.25,225.77000427246094,224.0901641845703,31855700,0.0,0.0
2024-10-09 00:00:00-04:00,225.22999572753906,229.75,224.8300018310547,229.5399932861328,227.8320770263672,33591100,0.0,0.0
2024-10-10 00:00:00-04:00,227.77999877929688,229.5,227.1699981689453,229.0399932861328,227.33580017089844,28183500,0.0,0.0
2024-10-11 00:00:00-04:00,229.3000030517578,229.41000366210938,227.33999633789062,227.5500030517578,225.85690307617188,31759200,0.0,0.0
2024-10-14 00:00:00-04:00,228.6999969482422,231.72999572753906,228.60000610351562,231.3000030517578,229.5790252685547,39882100,0.0,0.0
2024-10-15 00:00:00-04:00,233.61000061035156,237.49000549316406,232.3699951171875,233.85000610351562,232.1100311279297,64751400,0.0,0.0
2024-10-16 00:00:00-04:00,231.60000610351562,232.1199951171875,229.83999633789062,231.77999877929688,230.05545043945312,34082200,0.0,0.0
2024-10-17 00:00:00-04:00,233.42999267578125,233.85000610351562,230.52000427246094,232.14999389648438,230.4226837158203,32993800,0.0,0.0
2024-10-18 00:00:00-04:00,236.17999267578125,236.17999267578125,234.00999450683594,235.0,233.25148010253906,46431500,0.0,0.0
2024-10-21 00:00:00-04:00,234.4499969482422,236.85000610351562,234.4499969482422,236.47999572753906,234.72044372558594,36254500,0.0,0.0
2024-10-22 00:00:00-04:00,233.88999938964844,236.22000122070312,232.60000610351562,235.86000061035156,234.10508728027344,38846600,0.0,0.0
2024-10-23 00:00:00-04:00,234.0800018310547,235.13999938964844,227.75999450683594,230.75999450683594,229.04299926757812,52287000,0.0,0.0
2024-10-24 00:00:00-04:00,229.97999572753906,230.82000732421875,228.41000366210938,230.57000732421875,228.8544464111328,31109500,0.0,0.0
2024-10-25 00:00:00-04:00,229.74000549316406,233.22000122070312,229.57000732421875,231.41000366210938,229.68820190429688,38802300,0.0,0.0
2024-10-28 00:00:00-04:00,233.32000732421875,234.72999572753906,232.5500030517578,233.39999389648438,231.66339111328125,36087100,0.0,0.0
2024-10-29 00:00:00-04:00,233.10000610351562,234.3300018310547,232.32000732421875,233.6699981689453,231.93138122558594,35417200,0.0,0.0
2024-10-30 00:00:00-04:00,232.61000061035156,233.47000122070312,229.5500030517578,230.10000610351562,228.387939453125,47070900,0.0,0.0
2024-10-31 00:00:00-04:00,229.33999633789062,229.8300018310547,225.3699951171875,225.91000366210938,224.22911071777344,64370100,0.0,0.0
2024-11-01 00:00:00-04:00,220.97000122070312,225.35000610351562,220.27000427246094,222.91000366210938,221.25143432617188,65276700,0.0,0.0
2024-11-04 00:00:00-05:00,220.99000549316406,222.7899932861328,219.7100067138672,222.00999450683594,220.3581085205078,44944500,0.0,0.0
2024-11-05 00:00:00-05:00,221.8000030517578,223.9499969482422,221.13999938964844,223.4499969482422,221.7874298095703,28111300,0.0,0.0
2024-11-06 00:00:00-05:00,222.61000061035156,226.07000732421875,221.19000244140625,222.72000122070312,221.06283569335938,54561100,0.0,0.0
2024-11-07 00:00:00-05:00,224.6300048828125,227.8800048828125,224.57000732421875,227.47999572753906,225.7874298095703,42137700,0.0,0.0
2024-11-08 00:00:00-05:00,227.1699981689453,228.66000366210938,226.41000366210938,226.9600067138672,225.51914978027344,38328800,0.25,0.0
2024-11-11 00:00:00-05:00,225.0,225.6999969482422,221.5,224.22999572753906,222.8064727783203,42005600,0.0,0.0
2024-11-12 00:00:00-05:00,224.5500030517578,225.58999633789062,223.36000061035156,224.22999572753906,222.8064727783203,40398300,0.0,0.0
2024-11-13 00:00:00-05:00,224.00999450683594,226.64999389648438,222.75999450683594,225.1199951171875,223.69081115722656,48566200,0.0,0.0
2024-11-14 00:00:00-05:00,225.02000427246094,228.8699951171875,225.0,228.22000122070312,226.77113342285156,44923900,0.0,0.0
2024-11-15 00:00:00-05:00,226.39999389648438,226.9199981689453,224.27000427246094,225.0,223.5715789794922,47923700,0.0,0.0
2024-11-18 00:00:00-05:00,225.25,229.74000549316406,225.1699981689453,228.02000427246094,226.57240295410156,44633700,0.0,0.0
2024-11-19 00:00:00-05:00,226.97999572753906,230.16000366210938,226.66000366210938,228.27999877929688,226.8307647705078,36211800,0.0,0.0
2024-11-20 00:00:00-05:00,228.05999755859375,229.92999267578125,225.88999938964844,229.0,227.5461883544922,35169600,0.0,0.0
2024-11-21 00:00:00-05:00,228.8800048828125,230.16000366210938,225.7100067138672,228.52000427246094,227.06924438476562,42108300,0.0,0.0
2024-11-22 00:00:00-05:00,228.05999755859375,230.72000122070312,228.05999755859375,229.8699951171875,228.41065979003906,38168300,0.0,0.0
2024-11-25 00:00:00-05:00,231.4600067138672,233.25,229.74000549316406,232.8699951171875,231.39163208007812,90152800,0.0,0.0
2024-11-26 00:00:00-05:00,233.3300018310547,235.57000732421875,233.3300018310547,235.05999755859375,233.56771850585938,45986200,0.0,0.0
2024-11-27 00:00:00-05:00,234.47000122070312,235.69000244140625,233.80999755859375,234.92999267578125,233.43853759765625,33498400,0.0,0.0
2024-11-29 00:00:00-05:00,234.80999755859375,237.80999755859375,233.97000122070312,237.3300018310547,235.82330322265625,28481400,0.0,0.0
2024-12-02 00:00:00-05:00,237.27000427246094,240.7899932861328,237.16000366210938,239.58999633789062,238.06895446777344,48137100,0.0,0.0
2024-12-03 00:00:00-05:00,239.80999755859375,242.75999450683594,238.89999389648438,242.64999389648438,241.1095428466797,38861000,0.0,0.0
2024-12-04 00:00:00-05:00,242.8699951171875,244.11000061035156,241.25,243.00999450683594,241.46725463867188,44383900,0.0,0.0
2024-12-05 00:00:00-05:00,243.99000549316406,244.5399932861328,242.1300048828125,243.0399932861328,241.49705505371094,40033900,0.0,0.0
2024-12-06 00:00:00-05:00,242.91000366210938,244.6300048828125,242.0800018310547,242.83999633789062,241.29830932617188,36870600,0.0,0.0
2024-12-09 00:00:00-05:00,241.8300018310547,247.24000549316406,241.75,246.75,245.1835174560547,44649200,0.0,0.0
2024-12-10 00:00:00-05:00,246.88999938964844,248.2100067138672,245.33999633789062,247.77000427246094,246.19703674316406,36914800,0.0,0.0
2024-12-11 00:00:00-05:00,247.9600067138672,250.8000030517578,246.25999450683594,246.49000549316406,244.92515563964844,45205800,0.0,0.0
2024-12-12 00:00:00-05:00,246.88999938964844,248.74000549316406,245.67999267578125,247.9600067138672,246.3858184814453,32777500,0.0,0.0
2024-12-13 00:00:00-05:00,247.82000732421875,249.2899932861328,246.24000549316406,248.1300048828125,246.5547332763672,33155300,0.0,0.0
2024-12-16 00:00:00-05:00,247.99000549316406,251.3800048828125,247.64999389648438,251.0399932861328,249.44627380371094,51694800,0.0,0.0
2024-12-17 00:00:00-05:00,250.0800018310547,253.8300018310547,249.77999877929688,253.47999572753906,251.87078857421875,51356400,0.0,0.0
2024-12-18 00:00:00-05:00,252.16000366210938,254.27999877929688,247.74000549316406,248.0500030517578,246.47525024414062,56774100,0.0,0.0
2024-12-19 00:00:00-05:00,247.5,252.0,247.08999633789062,249.7899932861328,248.20419311523438,60882300,0.0,0.0
2024-12-20 00:00:00-05:00,248.0399932861328,255.0,245.69000244140625,254.49000549316406,252.8743896484375,147495300,0.0,0.0
2024-12-23 00:00:00-05:00,254.77000427246094,255.64999389648438,253.4499969482422,255.27000427246094,253.64942932128906,40858800,0.0,0.0
2024-12-24 00:00:00-05:00,255.49000549316406,258.2099914550781,255.2899932861328,258.20001220703125,256.56085205078125,23234700,0.0,0.0
2024-12-26 00:00:00-05:00,258.19000244140625,260.1000061035156,257.6300048828125,259.0199890136719,257.3756408691406,27237100,0.0,0.0
2024-12-27 00:00:00-05:00,257.8299865722656,258.70001220703125,253.05999755859375,255.58999633789062,253.96739196777344,42355300,0.0,0.0
2024-12-30 00:00:00-05:00,252.22999572753906,253.5,250.75,252.1999969482422,250.59890747070312,35557500,0.0,0.0
2024-12-31 00:00:00-05:00,252.44000244140625,253.27999877929688,249.42999267578125,250.4199981689453,248.83021545410156,39480700,0.0,0.0
2025-01-02 00:00:00-05:00,248.92999267578125,249.10000610351562,241.82000732421875,243.85000610351562,242.3019256591797,55740700,0.0,0.0
2025-01-03 00:00:00-05:00,243.36000061035156,244.17999267578125,241.88999938964844,243.36000061035156,241.8150177001953,40244100,0.0,0.0
2025-01-06 00:00:00-05:00,244.30999755859375,247.3300018310547,243.1999969482422,245.0,243.44461059570312,45045600,0.0,0.0
2025-01-07 00:00:00-05:00,242.97999572753906,245.5500030517578,241.35000610351562,242.2100067138672,240.67233276367188,40856000,0.0,0.0
2025-01-08 00:00:00-05:00,241.9199981689453,243.7100067138672,240.0500030517578,242.6999969482422,241.1592254638672,37628900,0.0,0.0
2025-01-10 00:00:00-05:00,240.00999450683594,240.16000366210938,233.0,236.85000610351562,235.34637451171875,61710900,0.0,0.0
2025-01-13 00:00:00-05:00,233.52999877929688,234.6699981689453,229.72000122070312,234.39999389648438,232.91192626953125,49630700,0.0,0.0
2025-01-14 00:00:00-05:00,234.75,236.1199951171875,232.47000122070312,233.27999877929688,231.79901123046875,39435300,0.0,0.0
2025-01-15 00:00:00-05:00,234.63999938964844,238.9600067138672,234.42999267578125,237.8699951171875,236.35986328125,39832000,0.0,0.0
2025-01-16 00:00:00-05:00,237.35000610351562,238.00999450683594,228.02999877929688,228.25999450683594,226.81088256835938,71759100,0.0,0.0
2025-01-17 00:00:00-05:00,232.1199951171875,232.2899932861328,228.47999572753906,229.97999572753906,228.5199737548828,68488300,0.0,0.0
2025-01-21 00:00:00-05:00,224.0,224.4199981689453,219.3800048828125,222.63999938964844,221.2265625,98070400,0.0,0.0
2025-01-22 00:00:00-05:00,219.7899932861328,224.1199951171875,219.7899932861328,223.8300018310547,222.40902709960938,64126500,0.0,0.0
2025-01-23 00:00:00-05:00,224.74000549316406,227.02999877929688,222.3000030517578,223.66000366210938,222.24009704589844,60234800,0.0,0.0
2025-01-24 00:00:00-05:00,224.77999877929688,225.6300048828125,221.41000366210938,222.77999877929688,221.36566162109375,54697900,0.0,0.0
2025-01-27 00:00:00-05:00,224.02000427246094,232.14999389648438,223.97999572753906,229.86000061035156,228.40074157714844,94863400,0.0,0.0
2025-01-28 00:00:00-05:00,230.85000610351562,240.19000244140625,230.80999755859375,238.25999450683594,236.7473907470703,75707600,0.0,0.0
2025-01-29 00:00:00-05:00,234.1199951171875,239.86000061035156,234.00999450683594,239.36000061035156,237.8404083251953,45486100,0.0,0.0
2025-01-30 00:00:00-05:00,238.6699981689453,240.7899932861328,237.2100067138672,237.58999633789062,236.08164978027344,55658300,0.0,0.0
2025-01-31 00:00:00-05:00,247.19000244140625,247.19000244140625,233.44000244140625,236.0,234.50173950195312,100959800,0.0,0.0
2025-02-03 00:00:00-05:00,229.99000549316406,231.8300018310547,225.6999969482422,228.00999450683594,226.56246948242188,73063300,0.0,0.0
2025-02-04 00:00:00-05:00,227.25,233.1300048828125,226.64999389648438,232.8000030517578,231.32208251953125,45067300,0.0,0.0
2025-02-05 00:00:00-05:00,228.52999877929688,232.6699981689453,228.27000427246094,232.47000122070312,230.9941864013672,39620300,0.0,0.0
2025-02-06 00:00:00-05:00,231.2899932861328,233.8000030517578,230.42999267578125,233.22000122070312,231.73941040039062,29925300,0.0,0.0
2025-02-07 00:00:00-05:00,232.60000610351562,234.0,227.25999450683594,227.6300048828125,226.1848907470703,39707200,0.0,0.0
2025-02-10 00:00:00-05:00,229.57000732421875,230.58999633789062,227.1999969482422,227.64999389648438,226.4534454345703,33115600,0.25,0.0
2025-02-11 00:00:00-05:00,228.1999969482422,235.22999572753906,228.1300048828125,232.6199951171875,231.3973388671875,53718400,0.0,0.0
2025-02-12 00:00:00-05:00,231.1999969482422,236.9600067138672,230.67999267578125,236.8699951171875,235.62501525878906,45243300,0.0,0.0
2025-02-13 00:00:00-05:00,236.91000366210938,242.33999633789062,235.57000732421875,241.52999877929688,240.26051330566406,53614100,0.0,0.0
2025-02-14 00:00:00-05:00,241.25,245.5500030517578,240.99000549316406,244.60000610351562,243.3143768310547,40896200,0.0,0.0
2025-02-18 00:00:00-05:00,244.14999389648438,245.17999267578125,241.83999633789062,244.47000122070312,243.18507385253906,48822500,0.0,0.0
2025-02-19 00:00:00-05:00,244.66000366210938,246.00999450683594,243.16000366210938,244.8699951171875,243.5829620361328,32204200,0.0,0.0
2025-02-20 00:00:00-05:00,244.94000244140625,246.77999877929688,244.2899932861328,245.8300018310547,244.5379180908203,32316900,0.0,0.0
2025-02-21 00:00:00-05:00,245.9499969482422,248.69000244140625,245.22000122070312,245.5500030517578,244.2593994140625,53197400,0.0,0.0
2025-02-24 00:00:00-05:00,244.92999267578125,248.86000061035156,244.4199981689453,247.10000610351562,245.80125427246094,51326400,0.0,0.0
2025-02-25 00:00:00-05:00,248.0,250.0,244.91000366210938,247.0399932861328,245.7415313720703,48013300,0.0,0.0
2025-02-26 00:00:00-05:00,244.3300018310547,244.97999572753906,239.1300048828125,240.36000061035156,239.09666442871094,44433600,0.0,0.0
2025-02-27 00:00:00-05:00,239.41000366210938,242.4600067138672,237.05999755859375,237.3000030517578,236.05276489257812,41153600,0.0,0.0
2025-02-28 00:00:00-05:00,236.9499969482422,242.08999633789062,230.1999969482422,241.83999633789062,240.56887817382812,56833400,0.0,0.0
2025-03-03 00:00:00-05:00,241.7899932861328,244.02999877929688,236.11000061035156,238.02999877929688,236.77891540527344,47184000,0.0,0.0
2025-03-04 00:00:00-05:00,237.7100067138672,240.07000732421875,234.67999267578125,235.92999267578125,234.68994140625,53798100,0.0,0.0
2025-03-05 00:00:00-05:00,235.4199981689453,236.5500030517578,229.22999572753906,235.74000549316406,234.50094604492188,47227600,0.0,0.0
2025-03-06 00:00:00-05:00,234.44000244140625,237.86000061035156,233.16000366210938,235.3300018310547,234.0930938720703,45170400,0.0,0.0
2025-03-07 00:00:00-05:00,235.11000061035156,241.3699951171875,234.75999450683594,239.07000732421875,237.81344604492188,46273600,0.0,0.0
2025-03-10 00:00:00-04:00,235.5399932861328,236.16000366210938,224.22000122070312,227.47999572753906,226.2843780517578,72071200,0.0,0.0
2025-03-11 00:00:00-04:00,223.80999755859375,225.83999633789062,217.4499969482422,220.83999633789062,219.67926025390625,76137400,0.0,0.0
2025-03-12 00:00:00-04:00,220.13999938964844,221.75,214.91000366210938,216.97999572753906,215.8395538330078,62547500,0.0,0.0
2025-03-13 00:00:00-04:00,215.9499969482422,216.83999633789062,208.4199981689453,209.67999267578125,208.5779266357422,61368300,0.0,0.0
2025-03-14 00:00:00-04:00,211.25,213.9499969482422,209.5800018310547,213.49000549316406,212.367919921875,60107600,0.0,0.0
2025-03-17 00:00:00-04:00,213.30999755859375,215.22000122070312,209.97000122070312,214.0,212.87521362304688,48073400,0.0,0.0
2025-03-18 00:00:00-04:00,214.16000366210938,215.14999389648438,211.49000549316406,212.69000244140625,211.57211303710938,42432400,0.0,0.0
2025-03-19 00:00:00-04:00,214.22000122070312,218.75999450683594,213.75,215.24000549316406,214.1086883544922,54385400,0.0,0.0
2025-03-20 00:00:00-04:00,213.99000549316406,217.49000549316406,212.22000122070312,214.10000610351562,212.97470092773438,48862900,0.0,0.0
2025-03-21 00:00:00-04:00,211.55999755859375,218.83999633789062,211.27999877929688,218.27000427246094,217.12277221679688,94127800,0.0,0.0
2025-03-24 00:00:00-04:00,221.0,221.47999572753906,218.5800018310547,220.72999572753906,219.56983947753906,44299500,0.0,0.0
2025-03-25 00:00:00-04:00,220.77000427246094,224.10000610351562,220.0800018310547,223.75,222.573974609375,34493600,0.0,0.0
2025-03-26 00:00:00-04:00,223.50999450683594,225.02000427246094,220.47000122070312,221.52999877929688,220.36563110351562,34466100,0.0,0.0
2025-03-27 00:00:00-04:00,221.38999938964844,224.99000549316406,220.55999755859375,223.85000610351562,222.67344665527344,37094800,0.0,0.0
2025-03-28 00:00:00-04:00,221.6699981689453,223.80999755859375,217.67999267578125,217.89999389648438,216.75469970703125,39818600,0.0,0.0
2025-03-31 00:00:00-04:00,217.00999450683594,225.6199951171875,216.22999572753906,222.1300048828125,220.96249389648438,65299300,0.0,0.0
2025-04-01 00:00:00-04:00,219.80999755859375,223.67999267578125,218.89999389648438,223.19000244140625,222.0169219970703,36412700,0.0,0.0
2025-04-02 00:00:00-04:00,221.32000732421875,225.19000244140625,221.02000427246094,223.88999938964844,222.71324157714844,35905900,0.0,0.0
2025-04-03 00:00:00-04:00,205.5399932861328,207.49000549316406,201.25,203.19000244140625,202.12205505371094,103419000,0.0,0.0
2025-04-04 00:00:00-04:00,193.88999938964844,199.8800048828125,187.33999633789062,188.3800048828125,187.38987731933594,125910900,0.0,0.0
2025-04-07 00:00:00-04:00,177.1999969482422,194.14999389648438,174.6199951171875,181.4600067138672,180.50624084472656,160466300,0.0,0.0
2025-04-08 00:00:00-04:00,186.6999969482422,190.33999633789062,169.2100067138672,172.4199981689453,171.51376342773438,120859500,0.0,0.0
2025-04-09 00:00:00-04:00,171.9499969482422,200.61000061035156,171.88999938964844,198.85000610351562,197.8048553466797,184395900,0.0,0.0
2025-04-10 00:00:00-04:00,189.07000732421875,194.77999877929688,183.0,190.4199981689453,189.41915893554688,121880000,0.0,0.0
2025-04-11 00:00:00-04:00,186.10000610351562,199.5399932861328,186.05999755859375,198.14999389648438,197.1085205078125,87435900,0.0,0.0
2025-04-14 00:00:00-04:00,211.44000244140625,212.94000244140625,201.16000366210938,202.52000427246094,201.45555114746094,101352900,0.0,0.0
2025-04-15 00:00:00-04:00,201.86000061035156,203.50999450683594,199.8000030517578,202.13999938964844,201.07754516601562,51343900,0.0,0.0
2025-04-16 00:00:00-04:00,198.36000061035156,200.6999969482422,192.3699951171875,194.27000427246094,193.24891662597656,59732400,0.0,0.0
2025-04-17 00:00:00-04:00,197.1999969482422,198.8300018310547,194.4199981689453,196.97999572753906,195.9446563720703,52164700,0.0,0.0
2025-04-21 00:00:00-04:00,193.27000427246094,193.8000030517578,189.80999755859375,193.16000366210938,192.14474487304688,46742500,0.0,0.0
2025-04-22 00:00:00-04:00,196.1199951171875,201.58999633789062,195.97000122070312,199.74000549316406,198.69017028808594,52976400,0.0,0.0
2025-04-23 00:00:00-04:00,206.0,208.0,202.8000030517578,204.60000610351562,203.52462768554688,52929200,0.0,0.0
2025-04-24 00:00:00-04:00,204.88999938964844,208.8300018310547,202.94000244140625,208.3699951171875,207.27479553222656,47311000,0.0,0.0
2025-04-25 00:00:00-04:00,206.3699951171875,209.75,206.1999969482422,209.27999877929688,208.18002319335938,38222300,0.0,0.0
2025-04-28 00:00:00-04:00,210.0,211.5,207.4600067138672,210.13999938964844,209.03550720214844,38743100,0.0,0.0
2025-04-29 00:00:00-04:00,208.69000244140625,212.24000549316406,208.3699951171875,211.2100067138672,210.09986877441406,36827600,0.0,0.0
2025-04-30 00:00:00-04:00,209.3000030517578,213.5800018310547,206.6699981689453,212.5,211.38311767578125,52286500,0.0,0.0
2025-05-01 00:00:00-04:00,209.0800018310547,214.55999755859375,208.89999389648438,213.32000732421875,212.1988067626953,57365700,0.0,0.0
2025-05-02 00:00:00-04:00,206.08999633789062,206.99000549316406,202.16000366210938,205.35000610351562,204.27069091796875,101010600,0.0,0.0
2025-05-05 00:00:00-04:00,203.10000610351562,204.10000610351562,198.2100067138672,198.88999938964844,197.84463500976562,69018500,0.0,0.0
2025-05-06 00:00:00-04:00,198.2100067138672,200.64999389648438,197.02000427246094,198.50999450683594,197.46661376953125,51216500,0.0,0.0
2025-05-07 00:00:00-04:00,199.1699981689453,199.44000244140625,193.25,196.25,195.218505859375,68536700,0.0,0.0
2025-05-08 00:00:00-04:00,197.72000122070312,200.0500030517578,194.67999267578125,197.49000549316406,196.45199584960938,50478900,0.0,0.0
2025-05-09 00:00:00-04:00,199.0,200.5399932861328,197.5399932861328,198.52999877929688,197.4865264892578,36453900,0.0,0.0
2025-05-12 00:00:00-04:00,210.97000122070312,211.27000427246094,206.75,210.7899932861328,209.95704650878906,63775800,0.26,0.0
2025-05-13 00:00:00-04:00,210.42999267578125,213.39999389648438,209.0,212.92999267578125,212.08859252929688,51909300,0.0,0.0
2025-05-14 00:00:00-04:00,212.42999267578125,213.94000244140625,210.5800018310547,212.3300018310547,211.49098205566406,49325800,0.0,0.0
2025-05-15 00:00:00-04:00,210.9499969482422,212.9600067138672,209.5399932861328,211.4499969482422,210.6144561767578,45029500,0.0,0.0
2025-05-16 00:00:00-04:00,212.36000061035156,212.57000732421875,209.77000427246094,211.25999450683594,210.42518615722656,54737900,0.0,0.0
2025-05-19 00:00:00-04:00,207.91000366210938,209.47999572753906,204.25999450683594,208.77999877929688,207.9550018310547,46140500,0.0,0.0
2025-05-20 00:00:00-04:00,207.6699981689453,208.47000122070312,205.02999877929688,206.86000061035156,206.04258728027344,42496600,0.0,0.0
2025-05-21 00:00:00-04:00,205.1699981689453,207.0399932861328,200.7100067138672,202.08999633789062,201.2914276123047,59211800,0.0,0.0
2025-05-22 00:00:00-04:00,200.7100067138672,202.75,199.6999969482422,201.36000061035156,200.5643310546875,46742400,0.0,0.0
2025-05-23 00:00:00-04:00,193.6699981689453,197.6999969482422,193.4600067138672,195.27000427246094,194.49838256835938,78432900,0.0,0.0
2025-05-27 00:00:00-04:00,198.3000030517578,200.74000549316406,197.42999267578125,200.2100067138672,199.4188690185547,56288500,0.0,0.0
2025-05-28 00:00:00-04:00,200.58999633789062,202.72999572753906,199.89999389648438,200.4199981689453,199.62803649902344,45339700,0.0,0.0
2025-05-29 00:00:00-04:00,203.5800018310547,203.80999755859375,198.50999450683594,199.9499969482422,199.15988159179688,51396800,0.0,0.0
2025-05-30 00:00:00-04:00,199.3699951171875,201.9600067138672,196.77999877929688,200.85000610351562,200.05633544921875,70819900,0.0,0.0
2025-06-02 00:00:00-04:00,200.27999877929688,202.1300048828125,200.1199951171875,201.6999969482422,200.9029541015625,35423300,0.0,0.0
2025-06-03 00:00:00-04:00,201.35000610351562,203.77000427246094,200.9600067138672,203.27000427246094,202.46678161621094,46381600,0.0,0.0
2025-06-04 00:00:00-04:00,202.91000366210938,206.24000549316406,202.10000610351562,202.82000732421875,202.0185546875,43604000,0.0,0.0
2025-06-05 00:00:00-04:00,203.5,204.75,200.14999389648438,200.6300048828125,199.8372039794922,55126100,0.0,0.0
2025-06-06 00:00:00-04:00,203.0,205.6999969482422,202.0500030517578,203.9199981689453,203.11419677734375,46607700,0.0,0.0
2025-06-09 00:00:00-04:00,204.38999938964844,206.0,200.02000427246094,201.4499969482422,200.65394592285156,72862600,0.0,0.0
2025-06-10 00:00:00-04:00,200.60000610351562,204.35000610351562,200.57000732421875,202.6699981689453,201.86915588378906,54672600,0.0,0.0
2025-06-11 00:00:00-04:00,203.5,204.5,198.41000366210938,198.77999877929688,197.99452209472656,60989900,0.0,0.0
2025-06-12 00:00:00-04:00,199.0800018310547,199.67999267578125,197.36000061035156,199.1999969482422,198.41285705566406,43904600,0.0,0.0
2025-06-13 00:00:00-04:00,199.72999572753906,200.3699951171875,195.6999969482422,196.4499969482422,195.67372131347656,51447300,0.0,0.0
2025-06-16 00:00:00-04:00,197.3000030517578,198.69000244140625,196.55999755859375,198.4199981689453,197.6359405517578,43020700,0.0,0.0
2025-06-17 00:00:00-04:00,197.1999969482422,198.38999938964844,195.2100067138672,195.63999938964844,194.86692810058594,38856200,0.0,0.0
2025-06-18 00:00:00-04:00,195.94000244140625,197.57000732421875,195.07000732421875,196.5800018310547,195.80320739746094,45394700,0.0,0.0
2025-06-20 00:00:00-04:00,198.24000549316406,201.6999969482422,196.86000061035156,201.0,200.20574951171875,96813500,0.0,0.0
2025-06-23 00:00:00-04:00,201.6300048828125,202.3000030517578,198.9600067138672,201.5,200.70375061035156,55814300,0.0,0.0
2025-06-24 00:00:00-04:00,202.58999633789062,203.44000244140625,200.1999969482422,200.3000030517578,199.50851440429688,54064000,0.0,0.0
2025-06-25 00:00:00-04:00,201.4499969482422,203.6699981689453,200.6199951171875,201.55999755859375,200.76353454589844,39525700,0.0,0.0
2025-06-26 00:00:00-04:00,201.42999267578125,202.63999938964844,199.4600067138672,201.0,200.20574951171875,50799100,0.0,0.0
2025-06-27 00:00:00-04:00,201.88999938964844,203.22000122070312,200.0,201.0800018310547,200.28543090820312,73188600,0.0,0.0
2025-06-30 00:00:00-04:00,202.00999450683594,207.38999938964844,199.25999450683594,205.1699981689453,204.3592529296875,91912800,0.0,0.0
2025-07-01 00:00:00-04:00,206.6699981689453,210.19000244140625,206.13999938964844,207.82000732421875,206.99880981445312,78788900,0.0,0.0
2025-07-02 00:00:00-04:00,208.91000366210938,213.33999633789062,208.13999938964844,212.44000244140625,211.6005401611328,67941800,0.0,0.0
2025-07-03 00:00:00-04:00,212.14999389648438,214.64999389648438,211.80999755859375,213.5500030517578,212.7061309814453,34955800,0.0,0.0
2025-07-07 00:00:00-04:00,212.67999267578125,216.22999572753906,208.8000030517578,209.9499969482422,209.12037658691406,50229000,0.0,0.0
2025-07-08 00:00:00-04:00,210.10000610351562,211.42999267578125,208.4499969482422,210.00999450683594,209.18014526367188,42848900,0.0,0.0
2025-07-09 00:00:00-04:00,209.52999877929688,211.3300018310547,207.22000122070312,211.13999938964844,210.3056640625,48749400,0.0,0.0
2025-07-10 00:00:00-04:00,210.50999450683594,213.47999572753906,210.02999877929688,212.41000366210938,211.57066345214844,44443600,0.0,0.0
2025-07-11 00:00:00-04:00,210.57000732421875,212.1300048828125,209.86000061035156,211.16000366210938,210.3256072998047,39765800,0.0,0.0
2025-07-14 00:00:00-04:00,209.92999267578125,210.91000366210938,207.5399932861328,208.6199951171875,207.79562377929688,38840100,0.0,0.0
2025-07-15 00:00:00-04:00,209.22000122070312,211.88999938964844,208.9199981689453,209.11000061035156,208.28369140625,42296300,0.0,0.0
2025-07-16 00:00:00-04:00,210.3000030517578,212.39999389648438,208.63999938964844,210.16000366210938,209.32955932617188,47490500,0.0,0.0
2025-07-17 00:00:00-04:00,210.57000732421875,211.8000030517578,209.58999633789062,210.02000427246094,209.19009399414062,48068100,0.0,0.0
2025-07-18 00:00:00-04:00,210.8699951171875,211.7899932861328,209.6999969482422,211.17999267578125,210.3455047607422,48974600,0.0,0.0
2025-07-21 00:00:00-04:00,212.10000610351562,215.77999877929688,211.6300048828125,212.47999572753906,211.640380859375,51377400,0.0,0.0
2025-07-22 00:00:00-04:00,213.13999938964844,214.9499969482422,212.22999572753906,214.39999389648438,213.5527801513672,46404100,0.0,0.0
2025-07-23 00:00:00-04:00,215.0,215.14999389648438,212.41000366210938,214.14999389648438,213.30377197265625,46989300,0.0,0.0
2025-07-24 00:00:00-04:00,213.89999389648438,215.69000244140625,213.52999877929688,213.75999450683594,212.9153289794922,46022600,0.0,0.0
2025-07-25 00:00:00-04:00,214.6999969482422,215.24000549316406,213.39999389648438,213.8800048828125,213.0348358154297,40268800,0.0,0.0
2025-07-28 00:00:00-04:00,214.02999877929688,214.85000610351562,213.05999755859375,214.0500030517578,213.2041778564453,37858000,0.0,0.0
2025-07-29 00:00:00-04:00,214.17999267578125,214.80999755859375,210.82000732421875,211.27000427246094,210.43516540527344,51411700,0.0,0.0
2025-07-30 00:00:00-04:00,211.89999389648438,212.38999938964844,207.72000122070312,209.0500030517578,208.22393798828125,45512500,0.0,0.0
2025-07-31 00:00:00-04:00,208.49000549316406,209.83999633789062,207.16000366210938,207.57000732421875,206.7498016357422,80698400,0.0,0.0
2025-08-01 00:00:00-04:00,210.8699951171875,213.5800018310547,201.5,202.3800048828125,201.5802764892578,104434500,0.0,0.0
2025-08-04 00:00:00-04:00,204.50999450683594,207.8800048828125,201.67999267578125,203.35000610351562,202.5464630126953,75109300,0.0,0.0
2025-08-05 00:00:00-04:00,203.39999389648438,205.33999633789062,202.16000366210938,202.9199981689453,202.11814880371094,44155100,0.0,0.0
2025-08-06 00:00:00-04:00,205.6300048828125,215.3800048828125,205.58999633789062,213.25,212.40733337402344,108483100,0.0,0.0
2025-08-07 00:00:00-04:00,218.8800048828125,220.85000610351562,216.5800018310547,220.02999877929688,219.16053771972656,90224800,0.0,0.0
2025-08-08 00:00:00-04:00,220.8300018310547,231.0,219.25,229.35000610351562,228.44371032714844,113854000,0.0,0.0
2025-08-11 00:00:00-04:00,227.9199981689453,229.55999755859375,224.75999450683594,227.17999267578125,226.53909301757812,61806100,0.26,0.0
2025-08-12 00:00:00-04:00,228.00999450683594,230.8000030517578,227.07000732421875,229.64999389648438,229.0021209716797,55626200,0.0,0.0
2025-08-13 00:00:00-04:00,231.07000732421875,235.0,230.42999267578125,233.3300018310547,232.6717529296875,69878500,0.0,0.0
2025-08-14 00:00:00-04:00,234.05999755859375,235.1199951171875,230.85000610351562,232.77999877929688,232.12330627441406,51916300,0.0,0.0
2025-08-15 00:00:00-04:00,234.0,234.27999877929688,229.33999633789062,231.58999633789062,230.9366455078125,56038700,0.0,0.0
2025-08-18 00:00:00-04:00,231.6999969482422,233.1199951171875,230.11000061035156,230.88999938964844,230.23863220214844,37476200,0.0,0.0
2025-08-19 00:00:00-04:00,231.27999877929688,232.8699951171875,229.35000610351562,230.55999755859375,229.90956115722656,39402600,0.0,0.0
2025-08-20 00:00:00-04:00,229.97999572753906,230.47000122070312,225.77000427246094,226.00999450683594,225.3723907470703,42263900,0.0,0.0
2025-08-21 00:00:00-04:00,226.27000427246094,226.52000427246094,223.77999877929688,224.89999389648438,224.26551818847656,30621200,0.0,0.0
2025-08-22 00:00:00-04:00,226.1699981689453,229.08999633789062,225.41000366210938,227.75999450683594,227.11744689941406,42477800,0.0,0.0
2025-08-25 00:00:00-04:00,226.47999572753906,229.3000030517578,226.22999572753906,227.16000366210938,226.51914978027344,30983100,0.0,0.0
2025-08-26 00:00:00-04:00,226.8699951171875,229.49000549316406,224.69000244140625,229.30999755859375,228.6630859375,54575100,0.0,0.0
2025-08-27 00:00:00-04:00,228.61000061035156,230.89999389648438,228.25999450683594,230.49000549316406,229.8397674560547,31259500,0.0,0.0
2025-08-28 00:00:00-04:00,230.82000732421875,233.41000366210938,229.33999633789062,232.55999755859375,231.9039306640625,38074700,0.0,0.0
2025-08-29 00:00:00-04:00,232.50999450683594,233.3800048828125,231.3699951171875,232.13999938964844,231.485107421875,39418400,0.0,0.0
2025-09-02 00:00:00-04:00,229.25,230.85000610351562,226.97000122070312,229.72000122070312,229.0719451904297,44075600,0.0,0.0
2025-09-03 00:00:00-04:00,237.2100067138672,238.85000610351562,234.36000061035156,238.47000122070312,237.79725646972656,66427800,0.0,0.0
2025-09-04 00:00:00-04:00,238.4499969482422,239.89999389648438,236.74000549316406,239.77999877929688,239.10353088378906,47549400,0.0,0.0
2025-09-05 00:00:00-04:00,240.0,241.32000732421875,238.49000549316406,239.69000244140625,239.01380920410156,54870400,0.0,0.0
2025-09-08 00:00:00-04:00,239.3000030517578,240.14999389648438,236.33999633789062,237.8800048828125,237.20892333984375,48999500,0.0,0.0
2025-09-09 00:00:00-04:00,237.0,238.77999877929688,233.36000061035156,234.35000610351562,233.6888885498047,66313900,0.0,0.0
2025-09-10 00:00:00-04:00,232.19000244140625,232.4199981689453,225.9499969482422,226.7899932861328,226.1501922607422,83440800,0.0,0.0
2025-09-11 00:00:00-04:00,226.8800048828125,230.4499969482422,226.64999389648438,230.02999877929688,229.3810577392578,50208600,0.0,0.0
2025-09-12 00:00:00-04:00,229.22000122070312,234.50999450683594,229.02000427246094,234.07000732421875,233.40968322753906,55824200,0.0,0.0
2025-09-15 00:00:00-04:00,237.0,238.19000244140625,235.02999877929688,236.6999969482422,236.03224182128906,42699500,0.0,0.0
2025-09-16 00:00:00-04:00,237.17999267578125,241.22000122070312,236.32000732421875,238.14999389648438,237.4781494140625,63421100,0.0,0.0
2025-09-17 00:00:00-04:00,238.97000122070312,240.10000610351562,237.72999572753906,238.99000549316406,238.3157958984375,46508000,0.0,0.0
2025-09-18 00:00:00-04:00,239.97000122070312,241.1999969482422,236.64999389648438,237.8800048828125,237.20892333984375,44249600,0.0,0.0
2025-09-19 00:00:00-04:00,241.22999572753906,246.3000030517578,240.2100067138672,245.5,244.8074188232422,163741300,0.0,0.0
2025-09-22 00:00:00-04:00,248.3000030517578,256.6400146484375,248.1199951171875,256.0799865722656,255.35755920410156,105517400,0.0,0.0
2025-09-23 00:00:00-04:00,255.8800048828125,257.3399963378906,253.5800018310547,254.42999267578125,253.7122344970703,60275200,0.0,0.0
2025-09-24 00:00:00-04:00,255.22000122070312,255.74000549316406,251.0399932861328,252.30999755859375,251.5981903076172,42303700,0.0,0.0
2025-09-25 00:00:00-04:00,253.2100067138672,257.1700134277344,251.7100067138672,256.8699951171875,256.14532470703125,55202100,0.0,0.0
2025-09-26 00:00:00-04:00,254.10000610351562,257.6000061035156,253.77999877929688,255.4600067138672,254.73931884765625,46076300,0.0,0.0
2025-09-29 00:00:00-04:00,254.55999755859375,255.0,253.00999450683594,254.42999267578125,253.7122344970703,40127700,0.0,0.0
2025-09-30 00:00:00-04:00,254.86000061035156,255.9199981689453,253.11000061035156,254.6300048828125,253.9116668701172,37704300,0.0,0.0
2025-10-01 00:00:00-04:00,255.0399932861328,258.7900085449219,254.92999267578125,255.4499969482422,254.72933959960938,48713900,0.0,0.0
2025-10-02 00:00:00-04:00,256.5799865722656,258.17999267578125,254.14999389648438,257.1300048828125,256.40460205078125,42630200,0.0,0.0
2025-10-03 00:00:00-04:00,254.6699981689453,259.239990234375,253.9499969482422,258.0199890136719,257.2920837402344,49155600,0.0,0.0
2025-10-06 00:00:00-04:00,257.989990234375,259.07000732421875,255.0500030517578,256.69000244140625,255.96583557128906,44664100,0.0,0.0
2025-10-07 00:00:00-04:00,256.80999755859375,257.3999938964844,255.42999267578125,256.4800109863281,255.75645446777344,31955800,0.0,0.0
2025-10-08 00:00:00-04:00,256.5199890136719,258.5199890136719,256.1099853515625,258.05999755859375,257.3320007324219,36496900,0.0,0.0
2025-10-09 00:00:00-04:00,257.80999755859375,258.0,253.13999938964844,254.0399932861328,253.32330322265625,38322000,0.0,0.0
2025-10-10 00:00:00-04:00,254.94000244140625,256.3800048828125,244.0,245.27000427246094,244.5780792236328,61999100,0.0,0.0
2025-10-13 00:00:00-04:00,249.3800048828125,249.69000244140625,245.55999755859375,247.66000366210938,246.96133422851562,38142900,0.0,0.0
2025-10-14 00:00:00-04:00,246.60000610351562,248.85000610351562,244.6999969482422,247.77000427246094,247.07101440429688,35478000,0.0,0.0
2025-10-15 00:00:00-04:00,249.49000549316406,251.82000732421875,247.47000122070312,249.33999633789062,248.63658142089844,33893600,0.0,0.0
2025-10-16 00:00:00-04:00,248.25,249.0399932861328,245.1300048828125,247.4499969482422,246.7519073486328,39777000,0.0,0.0
2025-10-17 00:00:00-04:00,248.02000427246094,253.3800048828125,247.27000427246094,252.2899932861328,251.5782470703125,49147000,0.0,0.0
2025-10-20 00:00:00-04:00,255.88999938964844,264.3800048828125,255.6300048828125,262.239990234375,261.50018310546875,90483000,0.0,0.0
2025-10-21 00:00:00-04:00,261.8800048828125,265.2900085449219,261.8299865722656,262.7699890136719,262.0286865234375,46695900,0.0,0.0
2025-10-22 00:00:00-04:00,262.6499938964844,262.8500061035156,255.42999267578125,258.45001220703125,257.72088623046875,45015300,0.0,0.0
2025-10-23 00:00:00-04:00,259.94000244140625,260.6199951171875,258.010009765625,259.5799865722656,258.84765625,32754900,0.0,0.0
2025-10-24 00:00:00-04:00,261.19000244140625,264.1300048828125,259.17999267578125,262.82000732421875,262.07855224609375,38253700,0.0,0.0
2025-10-27 00:00:00-04:00,264.8800048828125,269.1199951171875,264.6499938964844,268.80999755859375,268.0516357421875,44888200,0.0,0.0
2025-10-28 00:00:00-04:00,268.989990234375,269.8900146484375,268.1499938964844,269.0,268.2410888671875,41534800,0.0,0.0
2025-10-29 00:00:00-04:00,269.2799987792969,271.4100036621094,267.1099853515625,269.70001220703125,268.93914794921875,51086700,0.0,0.0
2025-10-30 00:00:00-04:00,271.989990234375,274.1400146484375,268.4800109863281,271.3999938964844,270.63433837890625,69886500,0.0,0.0
2025-10-31 00:00:00-04:00,276.989990234375,277.32000732421875,269.1600036621094,270.3699951171875,269.60723876953125,86167100,0.0,0.0
2025-11-03 00:00:00-05:00,270.4200134277344,270.8500061035156,266.25,269.04998779296875,268.2909851074219,50194600,0.0,0.0
2025-11-04 00:00:00-05:00,268.3299865722656,271.489990234375,267.6199951171875,270.0400085449219,269.2781982421875,49274800,0.0,0.0
2025-11-05 00:00:00-05:00,268.6099853515625,271.70001220703125,266.92999267578125,270.1400146484375,269.3778991699219,43683100,0.0,0.0
2025-11-06 00:00:00-05:00,267.8900146484375,273.3999938964844,267.8900146484375,269.7699890136719,269.0089416503906,51204000,0.0,0.0
2025-11-07 00:00:00-05:00,269.79998779296875,272.2900085449219,266.7699890136719,268.4700012207031,267.7126159667969,48227400,0.0,0.0
2025-11-10 00:00:00-05:00,268.9599914550781,273.7300109863281,267.4599914550781,269.42999267578125,268.9303283691406,41312400,0.26,0.0
2025-11-11 00:00:00-05:00,269.80999755859375,275.9100036621094,269.79998779296875,275.25,274.73956298828125,46208300,0.0,0.0
2025-11-12 00:00:00-05:00,275.0,275.7300109863281,271.70001220703125,273.4700012207031,272.962890625,48398000,0.0,0.0
2025-11-13 00:00:00-05:00,274.1099853515625,276.70001220703125,272.0899963378906,272.95001220703125,272.4438171386719,49602800,0.0,0.0
2025-11-14 00:00:00-05:00,271.04998779296875,275.9599914550781,269.6000061035156,272.4100036621094,271.90484619140625,47431300,0.0,0.0
2025-11-17 00:00:00-05:00,268.82000732421875,270.489990234375,265.7300109863281,267.4599914550781,266.9639892578125,45018300,0.0,0.0
2025-11-18 00:00:00-05:00,269.989990234375,270.7099914550781,265.32000732421875,267.44000244140625,266.94403076171875,45677300,0.0,0.0
2025-11-19 00:00:00-05:00,265.5299987792969,272.2099914550781,265.5,268.55999755859375,268.0619812011719,40424500,0.0,0.0
2025-11-20 00:00:00-05:00,270.8299865722656,275.42999267578125,265.9200134277344,266.25,265.7562561035156,45823600,0.0,0.0
2025-11-21 00:00:00-05:00,265.95001220703125,273.3299865722656,265.6700134277344,271.489990234375,270.98651123046875,59030800,0.0,0.0
2025-11-24 00:00:00-05:00,270.8999938964844,277.0,270.8999938964844,275.9200134277344,275.4083557128906,65585800,0.0,0.0
2025-11-25 00:00:00-05:00,275.2699890136719,280.3800048828125,275.25,276.9700012207031,276.45635986328125,46914200,0.0,0.0
2025-11-26 00:00:00-05:00,276.9599914550781,279.5299987792969,276.6300048828125,277.54998779296875,277.0353088378906,33431400,0.0,0.0
2025-11-28 00:00:00-05:00,277.260009765625,279.0,275.989990234375,278.8500061035156,278.3328857421875,20135600,0.0,0.0
2025-12-01 00:00:00-05:00,278.010009765625,283.4200134277344,276.1400146484375,283.1000061035156,282.57501220703125,46587700,0.0,0.0
2025-12-02 00:00:00-05:00,283.0,287.3999938964844,282.6300048828125,286.19000244140625,285.6592712402344,53669500,0.0,0.0
2025-12-03 00:00:00-05:00,286.20001220703125,288.6199951171875,283.29998779296875,284.1499938964844,283.623046875,43538700,0.0,0.0
2025-12-04 00:00:00-05:00,284.1000061035156,284.7300109863281,278.5899963378906,280.70001220703125,280.179443359375,43989100,0.0,0.0
2025-12-05 00:00:00-05:00,280.5400085449219,281.1400146484375,278.04998779296875,278.7799987792969,278.26300048828125,47265800,0.0,0.0
2025-12-08 00:00:00-05:00,278.1300048828125,279.6700134277344,276.1499938964844,277.8900146484375,277.3746643066406,38211800,0.0,0.0
2025-12-09 00:00:00-05:00,278.1600036621094,280.0299987792969,276.9200134277344,277.17999267578125,276.6659851074219,32193300,0.0,0.0
2025-12-10 00:00:00-05:00,277.75,279.75,276.44000244140625,278.7799987792969,278.26300048828125,33038300,0.0,0.0
2025-12-11 00:00:00-05:00,279.1000061035156,279.5899963378906,273.80999755859375,278.0299987792969,277.514404296875,33248000,0.0,0.0
2025-12-12 00:00:00-05:00,277.8999938964844,279.2200012207031,276.82000732421875,278.2799987792969,277.763916015625,39532900,0.0,0.0
2025-12-15 00:00:00-05:00,280.1499938964844,280.1499938964844,272.8399963378906,274.1099853515625,273.6016540527344,50409100,0.0,0.0
2025-12-16 00:00:00-05:00,272.82000732421875,275.5,271.7900085449219,274.6099853515625,274.1007385253906,37648600,0.0,0.0
2025-12-17 00:00:00-05:00,275.010009765625,276.1600036621094,271.6400146484375,271.8399963378906,271.33587646484375,50138700,0.0,0.0
2025-12-18 00:00:00-05:00,273.6099853515625,273.6300048828125,266.95001220703125,272.19000244140625,271.68524169921875,51630700,0.0,0.0
2025-12-19 00:00:00-05:00,272.1499938964844,274.6000061035156,269.8999938964844,273.6700134277344,273.1625061035156,144632000,0.0,0.0
2025-12-22 00:00:00-05:00,272.8599853515625,273.8800048828125,270.510009765625,270.9700012207031,270.4674987792969,36571800,0.0,0.0
2025-12-23 00:00:00-05:00,270.8399963378906,272.5,269.55999755859375,272.3599853515625,271.85491943359375,29642000,0.0,0.0
2025-12-24 00:00:00-05:00,272.3399963378906,275.42999267578125,272.20001220703125,273.80999755859375,273.3022155761719,17910600,0.0,0.0
2025-12-26 00:00:00-05:00,274.1600036621094,275.3699951171875,272.8599853515625,273.3999938964844,272.89300537109375,21521800,0.0,0.0
2025-12-29 00:00:00-05:00,272.69000244140625,274.3599853515625,272.3500061035156,273.760009765625,273.2523498535156,23715200,0.0,0.0
2025-12-30 00:00:00-05:00,272.80999755859375,274.0799865722656,272.2799987792969,273.0799865722656,272.57354736328125,22139600,0.0,0.0
2025-12-31 00:00:00-05:00,273.05999755859375,273.67999267578125,271.75,271.8599853515625,271.3558349609375,27293600,0.0,0.0
2026-01-02 00:00:00-05:00,272.260009765625,277.8399963378906,269.0,271.010009765625,270.5074462890625,37838100,0.0,0.0
2026-01-05 00:00:00-05:00,270.6400146484375,271.510009765625,266.1400146484375,267.260009765625,266.764404296875,45647200,0.0,0.0
2026-01-06 00:00:00-05:00,267.0,267.54998779296875,262.1199951171875,262.3599853515625,261.87347412109375,52352100,0.0,0.0
2026-01-07 00:00:00-05:00,263.20001220703125,263.67999267578125,259.80999755859375,260.3299865722656,259.84722900390625,48309800,0.0,0.0
2026-01-08 00:00:00-05:00,257.0199890136719,259.2900085449219,255.6999969482422,259.0400085449219,258.55963134765625,50419300,0.0,0.0
2026-01-09 00:00:00-05:00,259.0799865722656,260.2099914550781,256.2200012207031,259.3699951171875,258.8890075683594,39997000,0.0,0.0
2026-01-12 00:00:00-05:00,259.1600036621094,261.29998779296875,256.79998779296875,260.25,259.7673645019531,45263800,0.0,0.0
2026-01-13 00:00:00-05:00,258.7200012207031,261.80999755859375,258.3900146484375,261.04998779296875,260.5658874511719,45730800,0.0,0.0
2026-01-14 00:00:00-05:00,259.489990234375,261.82000732421875,256.7099914550781,259.9599914550781,259.4779052734375,40019400,0.0,0.0
2026-01-15 00:00:00-05:00,260.6499938964844,261.0400085449219,257.04998779296875,258.2099914550781,257.7311706542969,39388600,0.0,0.0
2026-01-16 00:00:00-05:00,257.8999938964844,258.8999938964844,254.92999267578125,255.52999877929688,255.05612182617188,72142800,0.0,0.0
2026-01-20 00:00:00-05:00,252.72999572753906,254.7899932861328,243.4199981689453,246.6999969482422,246.2425079345703,80267500,0.0,0.0
2026-01-21 00:00:00-05:00,248.6999969482422,251.55999755859375,245.17999267578125,247.64999389648438,247.1907501220703,54641700,0.0,0.0
2026-01-22 00:00:00-05:00,249.1999969482422,251.0,248.14999389648438,248.35000610351562,247.8894500732422,39708300,0.0,0.0
2026-01-23 00:00:00-05:00,247.32000732421875,249.41000366210938,244.67999267578125,248.0399932861328,247.58001708984375,41689000,0.0,0.0
2026-01-26 00:00:00-05:00,251.47999572753906,256.55999755859375,249.8000030517578,255.41000366210938,254.93637084960938,55969200,0.0,0.0
2026-01-27 00:00:00-05:00,259.1700134277344,261.95001220703125,258.2099914550781,258.2699890136719,257.7910461425781,49648300,0.0,0.0
2026-01-28 00:00:00-05:00,257.6499938964844,258.8599853515625,254.50999450683594,256.44000244140625,255.96444702148438,41288000,0.0,0.0
2026-01-29 00:00:00-05:00,258.0,259.6499938964844,254.41000366210938,258.2799987792969,257.801025390625,67253000,0.0,0.0
2026-01-30 00:00:00-05:00,255.1699981689453,261.8999938964844,252.17999267578125,259.4800109863281,258.99884033203125,92443400,0.0,0.0
2026-02-02 00:00:00-05:00,260.0299987792969,270.489990234375,259.2099914550781,270.010009765625,269.50927734375,73913400,0.0,0.0
2026-02-03 00:00:00-05:00,269.20001220703125,271.8800048828125,267.6099853515625,269.4800109863281,268.98028564453125,64394700,0.0,0.0
2026-02-04 00:00:00-05:00,272.2900085449219,278.95001220703125,272.2900085449219,276.489990234375,275.97723388671875,90545700,0.0,0.0
2026-02-05 00:00:00-05:00,278.1300048828125,279.5,273.2300109863281,275.9100036621094,275.3983459472656,52977400,0.0,0.0
2026-02-06 00:00:00-05:00,277.1199951171875,280.9100036621094,276.92999267578125,278.1199951171875,277.6042175292969,50453400,0.0,0.0
2026-02-09 00:00:00-05:00,277.9100036621094,278.20001220703125,271.70001220703125,274.6199951171875,274.3672180175781,44623400,0.26,0.0
2026-02-10 00:00:00-05:00,274.8900146484375,275.3699951171875,272.94000244140625,273.67999267578125,273.4280700683594,34376900,0.0,0.0
2026-02-11 00:00:00-05:00,274.70001220703125,280.17999267578125,274.45001220703125,275.5,275.24639892578125,51931300,0.0,0.0
2026-02-12 00:00:00-05:00,275.5899963378906,275.7200012207031,260.17999267578125,261.7300109863281,261.4891052246094,81077200,0.0,0.0
2026-02-13 00:00:00-05:00,262.010009765625,262.2300109863281,255.4499969482422,255.77999877929688,255.5445556640625,56290700,0.0,0.0
2026-02-17 00:00:00-05:00,258.04998779296875,266.2900085449219,255.5399932861328,263.8800048828125,263.6371154785156,58469100,0.0,0.0
2026-02-18 00:00:00-05:00,263.6000061035156,266.82000732421875,262.45001220703125,264.3500061035156,264.106689453125,34203300,0.0,0.0
2026-02-19 00:00:00-05:00,262.6000061035156,264.4800109863281,260.04998779296875,260.5799865722656,260.3401184082031,30845300,0.0,0.0
2026-02-20 00:00:00-05:00,258.9700012207031,264.75,258.1600036621094,264.5799865722656,264.3364562988281,42070500,0.0,0.0
2026-02-23 00:00:00-05:00,263.489990234375,269.42999267578125,263.3800048828125,266.17999267578125,265.9349670410156,37308200,0.0,0.0
2026-02-24 00:00:00-05:00,267.8599853515625,274.8900146484375,267.7099914550781,272.1400146484375,271.8895263671875,47014600,0.0,0.0
2026-02-25 00:00:00-05:00,271.7799987792969,274.94000244140625,271.04998779296875,274.2300109863281,273.97760009765625,33714300,0.0,0.0
2026-02-26 00:00:00-05:00,274.95001220703125,276.1099853515625,270.79998779296875,272.95001220703125,272.6987609863281,32345100,0.0,0.0
2026-02-27 00:00:00-05:00,272.80999755859375,272.80999755859375,262.8900146484375,264.17999267578125,263.93682861328125,72366500,0.0,0.0
2026-03-02 00:00:00-05:00,262.4100036621094,266.5299987792969,260.20001220703125,264.7200012207031,264.476318359375,41827900,0.0,0.0
2026-03-03 00:00:00-05:00,263.4800109863281,265.55999755859375,260.1300048828125,263.75,263.5072326660156,38568900,0.0,0.0
2026-03-04 00:00:00-05:00,264.6499938964844,266.1499938964844,261.4200134277344,262.5199890136719,262.2783508300781,39803100,0.0,0.0
2026-03-05 00:00:00-05:00,260.7900085449219,261.55999755859375,257.25,260.2900085449219,260.0504150390625,49658600,0.0,0.0
2026-03-06 00:00:00-05:00,258.6300048828125,258.7699890136719,254.3699951171875,257.4599914550781,257.2229919433594,41120000,0.0,0.0
2026-03-09 00:00:00-04:00,255.69000244140625,261.1499938964844,253.67999267578125,259.8800048828125,259.6407775878906,38218500,0.0,0.0
2026-03-10 00:00:00-04:00,257.6499938964844,262.4800109863281,256.95001220703125,260.8299865722656,260.58990478515625,30590800,0.0,0.0
2026-03-11 00:00:00-04:00,261.0899963378906,262.1300048828125,259.54998779296875,260.80999755859375,260.5699157714844,26218900,0.0,0.0
2026-03-12 00:00:00-04:00,258.6600036621094,258.95001220703125,254.17999267578125,255.75999450683594,255.52456665039062,40794000,0.0,0.0
2026-03-13 00:00:00-04:00,255.47999572753906,256.3299865722656,249.52000427246094,250.1199951171875,249.8897705078125,36930000,0.0,0.0
2026-03-16 00:00:00-04:00,252.11000061035156,253.88999938964844,249.8800048828125,252.82000732421875,252.58729553222656,32074200,0.0,0.0
2026-03-17 00:00:00-04:00,252.9600067138672,255.1300048828125,252.17999267578125,254.22999572753906,253.99598693847656,32361600,0.0,0.0
2026-03-18 00:00:00-04:00,252.6300048828125,254.94000244140625,249.0,249.94000244140625,249.70994567871094,35757900,0.0,0.0
2026-03-19 00:00:00-04:00,249.39999389648438,251.8300018310547,247.3000030517578,248.9600067138672,248.73085021972656,34864100,0.0,0.0
2026-03-20 00:00:00-04:00,247.97999572753906,249.1999969482422,246.0,247.99000549316406,247.76173400878906,88331100,0.0,0.0
2026-03-23 00:00:00-04:00,253.97000122070312,254.60000610351562,250.27999877929688,251.49000549316406,251.25851440429688,40546100,0.0,0.0
2026-03-24 00:00:00-04:00,250.35000610351562,254.8300018310547,249.5500030517578,251.63999938964844,251.4083709716797,45152300,0.0,0.0
2026-03-25 00:00:00-04:00,254.10000610351562,255.0,251.60000610351562,252.6199951171875,252.38746643066406,28476700,0.0,0.0
2026-03-26 00:00:00-04:00,252.1199951171875,257.0,250.77000427246094,252.88999938964844,252.6572265625,41796700,0.0,0.0
2026-03-27 00:00:00-04:00,253.89999389648438,255.49000549316406,248.07000732421875,248.8000030517578,248.57098388671875,47900000,0.0,0.0
2026-03-30 00:00:00-04:00,250.07000732421875,250.8699951171875,245.50999450683594,246.6300048828125,246.40298461914062,39446200,0.0,0.0
2026-03-31 00:00:00-04:00,247.91000366210938,255.47999572753906,247.10000610351562,253.7899932861328,253.55638122558594,49598100,0.0,0.0
2026-04-01 00:00:00-04:00,254.0800018310547,256.17999267578125,253.3300018310547,255.6300048828125,255.3946990966797,40059400,0.0,0.0
2026-04-02 00:00:00-04:00,254.1999969482422,256.1300048828125,250.64999389648438,255.9199981689453,255.68443298339844,31289400,0.0,0.0
2026-04-06 00:00:00-04:00,256.510009765625,262.1600036621094,256.4599914550781,258.8599853515625,258.6217041015625,29329900,0.0,0.0
2026-04-07 00:00:00-04:00,256.1600036621094,256.20001220703125,245.6999969482422,253.5,253.26666259765625,62148000,0.0,0.0
2026-04-08 00:00:00-04:00,258.45001220703125,259.75,256.5299987792969,258.8999938964844,258.66168212890625,41032800,0.0,0.0
2026-04-09 00:00:00-04:00,259.0,261.1199951171875,256.07000732421875,260.489990234375,260.2502136230469,28121600,0.0,0.0
2026-04-10 00:00:00-04:00,259.9800109863281,262.19000244140625,259.0199890136719,260.4800109863281,260.240234375,31291500,0.0,0.0
2026-04-13 00:00:00-04:00,259.7300109863281,260.17999267578125,256.6600036621094,259.20001220703125,258.96142578125,36234700,0.0,0.0
2026-04-14 00:00:00-04:00,259.25,261.92999267578125,257.19000244140625,258.8299865722656,258.59173583984375,48370700,0.0,0.0
2026-04-15 00:00:00-04:00,258.1600036621094,266.55999755859375,257.80999755859375,266.42999267578125,266.18475341796875,49913500,0.0,0.0
2026-04-16 00:00:00-04:00,266.79998779296875,267.1600036621094,261.2699890136719,263.3999938964844,263.15753173828125,43323100,0.0,0.0
2026-04-17 00:00:00-04:00,266.9599914550781,272.29998779296875,266.7200012207031,270.2300109863281,269.98126220703125,61436200,0.0,0.0
2026-04-20 00:00:00-04:00,270.3299865722656,274.2799987792969,270.2900085449219,273.04998779296875,272.79864501953125,36590200,0.0,0.0
2026-04-21 00:00:00-04:00,271.5,272.79998779296875,265.3999938964844,266.1700134277344,265.9250183105469,50209800,0.0,0.0
2026-04-22 00:00:00-04:00,267.82000732421875,273.739990234375,266.8699951171875,273.1700134277344,272.9185791015625,43249200,0.0,0.0
2026-04-23 00:00:00-04:00,275.04998779296875,275.7699890136719,271.6499938964844,273.42999267578125,273.1783142089844,33399600,0.0,0.0
2026-04-24 00:00:00-04:00,272.760009765625,273.05999755859375,269.6499938964844,271.05999755859375,270.81048583984375,38157100,0.0,0.0
2026-04-27 00:00:00-04:00,266.0899963378906,268.3599853515625,265.07000732421875,267.6099853515625,267.3636474609375,41466800,0.0,0.0
2026-04-28 00:00:00-04:00,272.3399963378906,273.2300109863281,268.6600036621094,270.7099914550781,270.4608154296875,40018900,0.0,0.0
2026-04-29 00:00:00-04:00,267.54998779296875,271.0400085449219,267.0400085449219,270.1700134277344,269.92132568359375,30047900,0.0,0.0
2026-04-30 00:00:00-04:00,270.5,276.0,268.1400146484375,271.3500061035156,271.1002502441406,91848200,0.0,0.0
2026-05-01 00:00:00-04:00,278.8599853515625,287.2200012207031,278.3699951171875,280.1400146484375,279.88214111328125,79915400,0.0,0.0
2026-05-04 00:00:00-04:00,279.6600036621094,280.6300048828125,274.8599853515625,276.8299865722656,276.5751647949219,46668400,0.0,0.0
2026-05-05 00:00:00-04:00,276.92999267578125,284.57000732421875,276.5,284.17999267578125,283.9184265136719,49311700,0.0,0.0
2026-05-06 00:00:00-04:00,281.9200134277344,288.0299987792969,281.07000732421875,287.510009765625,287.245361328125,58336100,0.0,0.0
2026-05-07 00:00:00-04:00,289.2699890136719,292.1300048828125,285.7799987792969,287.44000244140625,287.1754150390625,45224300,0.0,0.0
2026-05-08 00:00:00-04:00,290.010009765625,294.760009765625,290.0,293.32000732421875,293.0500183105469,52692800,0.0,0.0
2026-05-11 00:00:00-04:00,291.9800109863281,293.8800048828125,290.2300109863281,292.67999267578125,292.67999267578125,42247300,0.27,0.0
2026-05-12 00:00:00-04:00,292.55999755859375,295.2699890136719,292.55999755859375,294.79998779296875,294.79998779296875,45748100,0.0,0.0
2026-05-13 00:00:00-04:00,293.5,300.9200134277344,293.5,298.8699951171875,298.8699951171875,52684300,0.0,0.0
2026-05-14 00:00:00-04:00,299.82000732421875,300.45001220703125,295.3800048828125,298.2099914550781,298.2099914550781,35324900,0.0,0.0
2026-05-15 00:00:00-04:00,297.8999938964844,303.20001220703125,296.5199890136719,300.2300109863281,300.2300109863281,54862800,0.0,0.0
2026-05-18 00:00:00-04:00,300.239990234375,300.6600036621094,294.9100036621094,297.8399963378906,297.8399963378906,34483000,0.0,0.0
2026-05-19 00:00:00-04:00,296.9700012207031,300.510009765625,296.3500061035156,298.9700012207031,298.9700012207031,42243600,0.0,0.0
2026-05-20 00:00:00-04:00,298.17999267578125,302.79998779296875,298.0799865722656,302.25,302.25,38229800,0.0,0.0
2026-05-21 00:00:00-04:00,301.05999755859375,305.5400085449219,300.3999938964844,304.989990234375,304.989990234375,42965100,0.0,0.0
2026-05-22 00:00:00-04:00,306.1199951171875,311.3999938964844,305.8399963378906,308.82000732421875,308.82000732421875,43670200,0.0,0.0
2026-05-26 00:00:00-04:00,309.55999755859375,311.82000732421875,307.6700134277344,308.3299865722656,308.3299865722656,48000500,0.0,0.0
2026-05-27 00:00:00-04:00,308.3299865722656,313.260009765625,308.29998779296875,310.8500061035156,310.8500061035156,50430900,0.0,0.0
2026-05-28 00:00:00-04:00,310.67999267578125,312.79998779296875,309.57000732421875,312.510009765625,312.510009765625,48220400,0.0,0.0
2026-05-29 00:00:00-04:00,311.7799987792969,315.0,309.5299987792969,312.05999755859375,312.05999755859375,70026800,0.0,0.0
2026-06-01 00:00:00-04:00,309.6300048828125,310.94000244140625,305.0199890136719,306.30999755859375,306.30999755859375,48849900,0.0,0.0
2026-06-02 00:00:00-04:00,307.4599914550781,315.45001220703125,306.69000244140625,315.20001220703125,315.20001220703125,44534700,0.0,0.0
2026-06-03 00:00:00-04:00,314.17999267578125,316.94000244140625,308.8500061035156,310.260009765625,310.260009765625,50836700,0.0,0.0
2026-06-04 00:00:00-04:00,313.2300109863281,313.5400085449219,309.6499938964844,311.2300109863281,311.2300109863281,44869100,0.0,0.0
2026-06-05 00:00:00-04:00,312.8599853515625,315.1700134277344,307.1499938964844,307.3399963378906,307.3399963378906,65246700,0.0,0.0
