Date,Open,High,Low,Close,Adj Close,Volume,Dividends,Stock Splits
2021-06-07 00:00:00-04:00,147.75999450683594,148.25,146.7100067138672,147.75,126.11380767822266,4724100,0.0,0.0
2021-06-08 00:00:00-04:00,147.6999969482422,147.8699951171875,145.9199981689453,146.3699951171875,124.93585968017578,5997200,0.0,0.0
2021-06-09 00:00:00-04:00,147.25,147.58999633789062,146.02000427246094,146.10000610351562,124.70541381835938,4008000,0.0,0.0
2021-06-10 00:00:00-04:00,146.30999755859375,148.00999450683594,146.1300048828125,147.60000610351562,125.98577117919922,4698200,0.0,0.0
2021-06-11 00:00:00-04:00,148.0500030517578,148.1199951171875,146.7899932861328,147.69000244140625,126.0625991821289,4364600,0.0,0.0
2021-06-14 00:00:00-04:00,147.47000122070312,148.6300048828125,146.7899932861328,148.57000732421875,126.81370544433594,3831900,0.0,0.0
2021-06-15 00:00:00-04:00,148.89999389648438,149.1699981689453,148.07000732421875,148.5800018310547,126.822265625,4256500,0.0,0.0
2021-06-16 00:00:00-04:00,148.86000061035156,149.27000427246094,146.75,147.10000610351562,125.55900573730469,5492100,0.0,0.0
2021-06-17 00:00:00-04:00,147.25,149.0,146.91000366210938,148.52000427246094,126.77108001708984,5316400,0.0,0.0
2021-06-18 00:00:00-04:00,147.97999572753906,147.97999572753906,145.22999572753906,145.4199981689453,124.12500762939453,10661700,0.0,0.0
2021-06-21 00:00:00-04:00,145.75,146.74000549316406,145.4499969482422,146.55999755859375,125.09805297851562,4904300,0.0,0.0
2021-06-22 00:00:00-04:00,146.72999572753906,147.5,146.2899932861328,146.77999877929688,125.28585815429688,3518000,0.0,0.0
2021-06-23 00:00:00-04:00,146.05999755859375,146.1300048828125,144.8300018310547,144.85000610351562,123.63847351074219,3901700,0.0,0.0
2021-06-24 00:00:00-04:00,144.86000061035156,145.94000244140625,144.61000061035156,145.6699981689453,124.33840942382812,3818900,0.0,0.0
2021-06-25 00:00:00-04:00,145.75999450683594,146.7899932861328,145.24000549316406,146.41000366210938,124.97003936767578,6387600,0.0,0.0
2021-06-28 00:00:00-04:00,146.75999450683594,147.58999633789062,146.6199951171875,147.0399932861328,125.50775146484375,4282800,0.0,0.0
2021-06-29 00:00:00-04:00,147.4499969482422,147.6999969482422,146.39999389648438,146.94000244140625,125.42241668701172,3197700,0.0,0.0
2021-06-30 00:00:00-04:00,147.42999267578125,148.30999755859375,147.1999969482422,148.1699981689453,126.47230529785156,4943700,0.0,0.0
2021-07-01 00:00:00-04:00,148.0800018310547,149.0800018310547,147.94000244140625,148.1999969482422,126.49788665771484,3997600,0.0,0.0
2021-07-02 00:00:00-04:00,148.89999389648438,149.77999877929688,148.55999755859375,148.91000366210938,127.10395050048828,3835500,0.0,0.0
2021-07-06 00:00:00-04:00,149.07000732421875,149.4199981689453,147.77000427246094,149.1300048828125,127.29170227050781,4313800,0.0,0.0
2021-07-07 00:00:00-04:00,149.2899932861328,150.6999969482422,149.0,149.7899932861328,127.85506439208984,4225000,0.0,0.0
2021-07-08 00:00:00-04:00,149.4199981689453,150.6699981689453,149.19000244140625,149.86000061035156,127.914794921875,4216000,0.0,0.0
2021-07-09 00:00:00-04:00,149.41000366210938,150.30999755859375,149.1699981689453,149.47999572753906,127.59048461914062,4088600,0.0,0.0
2021-07-12 00:00:00-04:00,149.49000549316406,149.7899932861328,148.77999877929688,149.50999450683594,127.6160659790039,4873700,0.0,0.0
2021-07-13 00:00:00-04:00,151.14999389648438,153.91000366210938,150.75,152.9600067138672,130.5608673095703,8750800,0.0,0.0
2021-07-14 00:00:00-04:00,152.88999938964844,155.13999938964844,152.8000030517578,154.5399932861328,131.90948486328125,6390300,0.0,0.0
2021-07-15 00:00:00-04:00,154.07000732421875,155.36000061035156,153.25999450683594,155.25,132.51551818847656,4920600,0.0,0.0
2021-07-16 00:00:00-04:00,155.67999267578125,156.83999633789062,155.11000061035156,155.82000732421875,133.00201416015625,5852500,0.0,0.0
2021-07-19 00:00:00-04:00,155.99000549316406,157.5399932861328,154.75999450683594,155.8000030517578,132.9849853515625,5750200,0.0,0.0
2021-07-20 00:00:00-04:00,156.1999969482422,157.3300018310547,155.55999755859375,155.82000732421875,133.00201416015625,5213500,0.0,0.0
2021-07-21 00:00:00-04:00,155.3000030517578,156.1199951171875,154.57000732421875,155.24000549316406,132.50698852539062,4905900,0.0,0.0
2021-07-22 00:00:00-04:00,155.19000244140625,155.75999450683594,153.97000122070312,155.19000244140625,132.46432495117188,3333500,0.0,0.0
2021-07-23 00:00:00-04:00,155.55999755859375,157.7899932861328,155.24000549316406,157.17999267578125,134.1628875732422,3588400,0.0,0.0
2021-07-26 00:00:00-04:00,156.7899932861328,157.47000122070312,156.02999877929688,157.07000732421875,134.0690460205078,2999800,0.0,0.0
2021-07-27 00:00:00-04:00,157.30999755859375,158.66000366210938,157.02999877929688,157.94000244140625,134.8115997314453,4043900,0.0,0.0
2021-07-28 00:00:00-04:00,157.60000610351562,157.9600067138672,155.91000366210938,156.49000549316406,133.5739288330078,3556800,0.0,0.0
2021-07-29 00:00:00-04:00,157.22999572753906,157.42999267578125,156.1999969482422,156.80999755859375,133.8470458984375,3055600,0.0,0.0
2021-07-30 00:00:00-04:00,157.3699951171875,157.60000610351562,156.6199951171875,156.9499969482422,133.96658325195312,3757300,0.0,0.0
2021-08-02 00:00:00-04:00,157.0,157.11000061035156,155.50999450683594,156.32000732421875,133.42884826660156,3425900,0.0,0.0
2021-08-03 00:00:00-04:00,157.0,157.14999389648438,156.30999755859375,156.6699981689453,133.7275848388672,3359900,0.0,0.0
2021-08-04 00:00:00-04:00,156.19000244140625,156.66000366210938,153.8699951171875,154.0500030517578,131.49124145507812,4846300,0.0,0.0
2021-08-05 00:00:00-04:00,154.97999572753906,155.19000244140625,153.8699951171875,154.30999755859375,131.71316528320312,3733500,0.0,0.0
2021-08-06 00:00:00-04:00,153.77000427246094,154.75999450683594,153.63999938964844,154.3300018310547,131.7302703857422,3430900,0.0,0.0
2021-08-09 00:00:00-04:00,154.63999938964844,154.7899932861328,153.7100067138672,154.35000610351562,131.74729919433594,2636600,0.0,0.0
2021-08-10 00:00:00-04:00,154.30999755859375,155.30999755859375,153.80999755859375,154.42999267578125,131.81558227539062,2670200,0.0,0.0
2021-08-11 00:00:00-04:00,154.7100067138672,156.02000427246094,154.47000122070312,155.0399932861328,132.33628845214844,3058000,0.0,0.0
2021-08-12 00:00:00-04:00,155.22999572753906,155.3000030517578,154.60000610351562,155.07000732421875,132.36187744140625,1958700,0.0,0.0
2021-08-13 00:00:00-04:00,155.10000610351562,156.6699981689453,154.89999389648438,156.52000427246094,133.5995635986328,2113800,0.0,0.0
2021-08-16 00:00:00-04:00,156.92999267578125,158.1199951171875,156.72999572753906,158.0500030517578,134.9054718017578,3224000,0.0,0.0
2021-08-17 00:00:00-04:00,157.91000366210938,158.4499969482422,157.24000549316406,157.89999389648438,134.7774658203125,3736300,0.0,0.0
2021-08-18 00:00:00-04:00,157.67999267578125,158.1999969482422,156.1999969482422,156.27999877929688,133.39466857910156,3419200,0.0,0.0
2021-08-19 00:00:00-04:00,155.82000732421875,159.4199981689453,155.77999877929688,158.91000366210938,135.63955688476562,4745600,0.0,0.0
2021-08-20 00:00:00-04:00,158.92999267578125,159.6300048828125,158.25,158.35000610351562,135.16156005859375,3484100,0.0,0.0
2021-08-23 00:00:00-04:00,157.8300018310547,158.52000427246094,157.32000732421875,157.85000610351562,134.7347869873047,3102100,0.0,0.0
2021-08-24 00:00:00-04:00,157.75,157.75,155.67999267578125,155.88999938964844,133.0618133544922,3760800,0.0,0.0
2021-08-25 00:00:00-04:00,155.36000061035156,155.6699981689453,154.16000366210938,155.1999969482422,132.47283935546875,3346700,0.0,0.0
2021-08-26 00:00:00-04:00,155.50999450683594,155.6699981689453,154.08999633789062,154.6300048828125,131.98629760742188,3220700,0.0,0.0
2021-08-27 00:00:00-04:00,154.83999633789062,155.41000366210938,154.2100067138672,154.94000244140625,132.25091552734375,4166500,0.0,0.0
2021-08-30 00:00:00-04:00,155.17999267578125,156.1699981689453,155.00999450683594,156.0,133.15567016601562,2540300,0.0,0.0
2021-08-31 00:00:00-04:00,156.08999633789062,156.47000122070312,155.33999633789062,156.38999938964844,133.48855590820312,5291200,0.0,0.0
2021-09-01 00:00:00-04:00,156.83999633789062,158.19000244140625,156.50999450683594,157.91000366210938,134.78604125976562,4231400,0.0,0.0
2021-09-02 00:00:00-04:00,156.7899932861328,157.2899932861328,155.8699951171875,156.9499969482422,134.88482666015625,2862500,1.075,0.0
2021-09-03 00:00:00-04:00,156.1999969482422,157.4199981689453,155.89999389648438,157.08999633789062,135.00514221191406,2035100,0.0,0.0
2021-09-07 00:00:00-04:00,156.47999572753906,156.75999450683594,153.67999267578125,154.52999877929688,132.80508422851562,4609900,0.0,0.0
2021-09-08 00:00:00-04:00,154.66000366210938,156.75,154.3000030517578,156.72000122070312,134.68714904785156,3199100,0.0,0.0
2021-09-09 00:00:00-04:00,156.8800048828125,156.97000122070312,155.39999389648438,155.72999572753906,133.83631896972656,3560400,0.0,0.0
2021-09-10 00:00:00-04:00,155.97999572753906,156.25,155.00999450683594,155.4600067138672,133.6043243408203,3851500,0.0,0.0
2021-09-13 00:00:00-04:00,155.94000244140625,157.39999389648438,155.38999938964844,155.75999450683594,133.86209106445312,3367200,0.0,0.0
2021-09-14 00:00:00-04:00,156.3800048828125,156.6699981689453,154.82000732421875,155.14999389648438,133.337890625,2808600,0.0,0.0
2021-09-15 00:00:00-04:00,155.22000122070312,156.3800048828125,154.77999877929688,156.02000427246094,134.08560180664062,3702400,0.0,0.0
2021-09-16 00:00:00-04:00,155.38999938964844,156.1199951171875,153.80999755859375,155.55999755859375,133.69021606445312,4589900,0.0,0.0
2021-09-17 00:00:00-04:00,155.22999572753906,155.5,153.8300018310547,154.1300048828125,132.46128845214844,8127400,0.0,0.0
2021-09-20 00:00:00-04:00,153.89999389648438,154.9499969482422,152.4199981689453,153.61000061035156,132.01438903808594,5484600,0.0,0.0
2021-09-21 00:00:00-04:00,154.61000061035156,156.1199951171875,152.97000122070312,153.5399932861328,131.9542236328125,4479800,0.0,0.0
2021-09-22 00:00:00-04:00,154.6199951171875,155.08999633789062,153.4499969482422,154.00999450683594,132.35812377929688,3001000,0.0,0.0
2021-09-23 00:00:00-04:00,153.69000244140625,154.92999267578125,153.5399932861328,154.1300048828125,132.46128845214844,2712500,0.0,0.0
2021-09-24 00:00:00-04:00,153.75,154.6199951171875,153.5500030517578,154.1999969482422,132.52142333984375,2366100,0.0,0.0
2021-09-27 00:00:00-04:00,153.8000030517578,154.14999389648438,152.38999938964844,152.72000122070312,131.2494659423828,4482000,0.0,0.0
2021-09-28 00:00:00-04:00,152.3699951171875,152.5,150.10000610351562,151.0500030517578,129.81427001953125,5910900,0.0,0.0
2021-09-29 00:00:00-04:00,151.33999633789062,153.1699981689453,150.69000244140625,152.3000030517578,130.8885498046875,3326500,0.0,0.0
2021-09-30 00:00:00-04:00,153.22000122070312,153.42999267578125,150.3699951171875,150.41000366210938,129.26429748535156,4949200,0.0,0.0
2021-10-01 00:00:00-04:00,151.35000610351562,151.61000061035156,149.52000427246094,150.9499969482422,129.72836303710938,4274300,0.0,0.0
2021-10-04 00:00:00-04:00,150.8800048828125,153.0,149.47999572753906,150.1999969482422,129.08380126953125,5404900,0.0,0.0
2021-10-05 00:00:00-04:00,151.36000061035156,152.38999938964844,150.07000732421875,151.08999633789062,129.84866333007812,6103100,0.0,0.0
2021-10-06 00:00:00-04:00,150.83999633789062,155.16000366210938,149.9600067138672,154.9600067138672,133.1746063232422,5499200,0.0,0.0
2021-10-07 00:00:00-04:00,155.52000427246094,157.75,155.52000427246094,156.38999938964844,134.40353393554688,4605100,0.0,0.0
2021-10-08 00:00:00-04:00,156.57000732421875,156.7100067138672,155.49000549316406,156.02999877929688,134.09417724609375,4186000,0.0,0.0
2021-10-11 00:00:00-04:00,156.38999938964844,157.22999572753906,155.66000366210938,156.24000549316406,134.274658203125,2738100,0.0,0.0
2021-10-12 00:00:00-04:00,156.22000122070312,157.85000610351562,156.2100067138672,156.92999267578125,134.86761474609375,3195400,0.0,0.0
2021-10-13 00:00:00-04:00,157.4600067138672,158.0500030517578,156.02000427246094,157.99000549316406,135.77859497070312,3599900,0.0,0.0
2021-10-14 00:00:00-04:00,158.6199951171875,159.49000549316406,158.61000061035156,159.25999450683594,136.87002563476562,3677100,0.0,0.0
2021-10-15 00:00:00-04:00,159.66000366210938,159.66000366210938,157.50999450683594,158.80999755859375,136.48336791992188,4313000,0.0,0.0
2021-10-18 00:00:00-04:00,158.1999969482422,158.6999969482422,156.8000030517578,158.08999633789062,135.8645782470703,3274200,0.0,0.0
2021-10-19 00:00:00-04:00,158.63999938964844,160.16000366210938,157.5399932861328,160.10000610351562,137.59197998046875,3125800,0.0,0.0
2021-10-20 00:00:00-04:00,160.5800018310547,161.8800048828125,159.67999267578125,161.30999755859375,138.63186645507812,3716500,0.0,0.0
2021-10-21 00:00:00-04:00,161.38999938964844,161.42999267578125,158.97999572753906,159.17999267578125,136.80133056640625,4164700,0.0,0.0
2021-10-22 00:00:00-04:00,159.5800018310547,160.47000122070312,159.47000122070312,159.97000122070312,137.48023986816406,3240300,0.0,0.0
2021-10-25 00:00:00-04:00,159.9499969482422,159.9499969482422,158.7899932861328,159.22000122070312,136.83570861816406,3281200,0.0,0.0
2021-10-26 00:00:00-04:00,159.1699981689453,161.39999389648438,159.10000610351562,161.1699981689453,138.5115203857422,3684700,0.0,0.0
2021-10-27 00:00:00-04:00,161.75,161.83999633789062,159.55999755859375,160.61000061035156,138.0302734375,3751800,0.0,0.0
2021-10-28 00:00:00-04:00,160.85000610351562,161.72999572753906,160.47000122070312,161.6199951171875,138.89825439453125,3589600,0.0,0.0
2021-10-29 00:00:00-04:00,161.02999877929688,162.25999450683594,160.91000366210938,161.60000610351562,138.88107299804688,4558200,0.0,0.0
2021-11-01 00:00:00-04:00,161.1999969482422,161.5,160.17999267578125,161.25999450683594,138.58888244628906,3017100,0.0,0.0
2021-11-02 00:00:00-04:00,161.5500030517578,162.80999755859375,160.94000244140625,162.74000549316406,139.86083984375,3464500,0.0,0.0
2021-11-03 00:00:00-04:00,162.14999389648438,164.38999938964844,162.14999389648438,164.3000030517578,141.20152282714844,3595000,0.0,0.0
2021-11-04 00:00:00-04:00,164.22000122070312,164.55999755859375,163.35000610351562,164.30999755859375,141.21006774902344,3310100,0.0,0.0
2021-11-05 00:00:00-04:00,165.5500030517578,166.42999267578125,164.52000427246094,166.0,142.6625213623047,3754300,0.0,0.0
2021-11-08 00:00:00-05:00,165.80999755859375,166.10000610351562,161.14999389648438,162.42999267578125,139.5944061279297,5766400,0.0,0.0
2021-11-09 00:00:00-05:00,162.30999755859375,163.86000061035156,162.0,163.50999450683594,140.52255249023438,3778600,0.0,0.0
2021-11-10 00:00:00-05:00,164.74000549316406,165.0,163.02999877929688,164.0399932861328,140.97804260253906,2683500,0.0,0.0
2021-11-11 00:00:00-05:00,163.97000122070312,163.97999572753906,162.5500030517578,162.69000244140625,139.81784057617188,2453000,0.0,0.0
2021-11-12 00:00:00-05:00,163.00999450683594,163.92999267578125,162.0800018310547,162.64999389648438,139.78347778320312,3540900,0.0,0.0
2021-11-15 00:00:00-05:00,162.50999450683594,163.8800048828125,162.49000549316406,163.8000030517578,140.77178955078125,3357100,0.0,0.0
2021-11-16 00:00:00-05:00,164.27000427246094,164.99000549316406,163.22999572753906,163.30999755859375,140.35069274902344,2899400,0.0,0.0
2021-11-17 00:00:00-05:00,162.6199951171875,163.6699981689453,162.0800018310547,163.3699951171875,140.40223693847656,3332200,0.0,0.0
2021-11-18 00:00:00-05:00,162.80999755859375,163.52000427246094,161.75,163.4199981689453,140.4452362060547,3498900,0.0,0.0
2021-11-19 00:00:00-05:00,164.5,165.02999877929688,163.44000244140625,163.80999755859375,140.78042602539062,5242200,0.0,0.0
2021-11-22 00:00:00-05:00,163.1999969482422,166.8000030517578,163.17999267578125,164.14999389648438,141.07257080078125,4157200,0.0,0.0
2021-11-23 00:00:00-05:00,163.55999755859375,165.72000122070312,163.30999755859375,165.25,142.0179443359375,3878000,0.0,0.0
2021-11-24 00:00:00-05:00,165.08999633789062,165.5,162.5800018310547,163.74000549316406,140.72024536132812,3309500,0.0,0.0
2021-11-26 00:00:00-05:00,162.7100067138672,163.66000366210938,160.88999938964844,161.13999938964844,138.48577880859375,3402900,0.0,0.0
2021-11-29 00:00:00-05:00,162.6699981689453,164.5800018310547,161.13999938964844,164.13999938964844,141.06402587890625,5305800,0.0,0.0
2021-11-30 00:00:00-05:00,163.8300018310547,164.0,158.38999938964844,159.77999877929688,137.31695556640625,7610000,0.0,0.0
2021-12-01 00:00:00-05:00,162.47000122070312,163.25,160.0500030517578,160.16000366210938,137.64352416992188,5385600,0.0,0.0
2021-12-02 00:00:00-05:00,160.1300048828125,161.69000244140625,159.8300018310547,160.6199951171875,138.97164916992188,4619800,1.075,0.0
2021-12-03 00:00:00-05:00,161.47000122070312,164.8800048828125,161.33999633789062,164.7100067138672,142.51040649414062,6465900,0.0,0.0
2021-12-06 00:00:00-05:00,166.0500030517578,167.2899932861328,165.7899932861328,166.4199981689453,143.9899139404297,5403100,0.0,0.0
2021-12-07 00:00:00-05:00,166.4199981689453,166.9600067138672,165.66000366210938,166.22999572753906,143.82553100585938,5460100,0.0,0.0
2021-12-08 00:00:00-05:00,166.13999938964844,166.69000244140625,164.02999877929688,166.52000427246094,144.07644653320312,3891900,0.0,0.0
2021-12-09 00:00:00-05:00,165.9199981689453,166.8800048828125,164.85000610351562,166.30999755859375,143.89474487304688,3644500,0.0,0.0
2021-12-10 00:00:00-05:00,167.5399932861328,169.1199951171875,166.89999389648438,168.97000122070312,146.19622802734375,5025700,0.0,0.0
2021-12-13 00:00:00-05:00,168.92999267578125,171.25999450683594,168.0500030517578,169.80999755859375,146.9230194091797,5411800,0.0,0.0
2021-12-14 00:00:00-05:00,169.35000610351562,170.38999938964844,168.3000030517578,169.38999938964844,146.55963134765625,4985000,0.0,0.0
2021-12-15 00:00:00-05:00,169.77000427246094,171.77999877929688,169.4600067138672,171.57000732421875,148.44583129882812,5507800,0.0,0.0
2021-12-16 00:00:00-05:00,171.57000732421875,173.55999755859375,171.02000427246094,171.82000732421875,148.662109375,6909900,0.0,0.0
2021-12-17 00:00:00-05:00,171.11000061035156,172.3800048828125,168.0500030517578,168.3000030517578,145.61654663085938,10159600,0.0,0.0
2021-12-20 00:00:00-05:00,167.16000366210938,169.5,166.75,169.4199981689453,146.58558654785156,5263600,0.0,0.0
2021-12-21 00:00:00-05:00,169.22999572753906,169.60000610351562,167.77999877929688,168.9199981689453,146.15298461914062,3401400,0.0,0.0
2021-12-22 00:00:00-05:00,168.9600067138672,169.99000549316406,168.27000427246094,169.97000122070312,147.0614471435547,4362900,0.0,0.0
2021-12-23 00:00:00-05:00,169.97999572753906,170.6300048828125,169.25,169.77999877929688,146.89703369140625,3241700,0.0,0.0
2021-12-27 00:00:00-05:00,169.99000549316406,171.55999755859375,169.77000427246094,171.47000122070312,148.3592987060547,2868800,0.0,0.0
2021-12-28 00:00:00-05:00,171.4600067138672,172.7899932861328,171.1999969482422,172.36000061035156,149.12933349609375,2332100,0.0,0.0
2021-12-29 00:00:00-05:00,172.7899932861328,173.4600067138672,171.92999267578125,172.97000122070312,149.65711975097656,2299500,0.0,0.0
2021-12-30 00:00:00-05:00,173.5399932861328,173.6199951171875,172.22999572753906,172.6699981689453,149.39752197265625,1988900,0.0,0.0
2021-12-31 00:00:00-05:00,172.4600067138672,174.02000427246094,172.11000061035156,173.7100067138672,150.29739379882812,2914900,0.0,0.0
2022-01-03 00:00:00-05:00,172.1999969482422,173.19000244140625,170.57000732421875,172.97999572753906,149.665771484375,5488900,0.0,0.0
2022-01-04 00:00:00-05:00,172.66000366210938,174.4499969482422,172.1999969482422,173.22999572753906,149.88206481933594,4717600,0.0,0.0
2022-01-05 00:00:00-05:00,173.36000061035156,175.36000061035156,173.22999572753906,173.82000732421875,150.39256286621094,6564600,0.0,0.0
2022-01-06 00:00:00-05:00,173.91000366210938,175.60000610351562,173.22999572753906,173.86000061035156,150.4271697998047,4288700,0.0,0.0
2022-01-07 00:00:00-05:00,174.08999633789062,174.69000244140625,172.61000061035156,174.0800018310547,150.6175079345703,4916000,0.0,0.0
2022-01-10 00:00:00-05:00,174.44000244140625,175.83999633789062,173.6199951171875,174.1699981689453,150.69540405273438,5055900,0.0,0.0
2022-01-11 00:00:00-05:00,173.67999267578125,174.22999572753906,171.6199951171875,174.08999633789062,150.6261444091797,6452300,0.0,0.0
2022-01-12 00:00:00-05:00,173.89999389648438,174.3300018310547,172.9499969482422,173.89999389648438,150.46177673339844,5268000,0.0,0.0
2022-01-13 00:00:00-05:00,173.7100067138672,174.69000244140625,173.24000549316406,174.17999267578125,150.70404052734375,4310300,0.0,0.0
2022-01-14 00:00:00-05:00,174.57000732421875,175.94000244140625,173.39999389648438,175.63999938964844,151.96725463867188,4474500,0.0,0.0
2022-01-18 00:00:00-05:00,173.6199951171875,174.75999450683594,173.14999389648438,173.9600067138672,150.51370239257812,5789500,0.0,0.0
2022-01-19 00:00:00-05:00,173.9600067138672,175.9600067138672,173.57000732421875,175.2100067138672,151.59524536132812,6424500,0.0,0.0
2022-01-20 00:00:00-05:00,175.41000366210938,176.8800048828125,173.83999633789062,173.94000244140625,150.49636840820312,6284200,0.0,0.0
2022-01-21 00:00:00-05:00,175.3300018310547,177.24000549316406,174.11000061035156,174.22000122070312,150.73867797851562,6753200,0.0,0.0
2022-01-24 00:00:00-05:00,175.49000549316406,176.5,168.9600067138672,173.3300018310547,149.9685821533203,9263900,0.0,0.0
2022-01-25 00:00:00-05:00,172.0800018310547,172.47999572753906,169.74000549316406,171.33999633789062,148.24679565429688,6536900,0.0,0.0
2022-01-26 00:00:00-05:00,169.36000061035156,171.80999755859375,166.4499969482422,169.52999877929688,146.68077087402344,6841800,0.0,0.0
2022-01-27 00:00:00-05:00,170.77999877929688,173.27999877929688,168.77999877929688,169.3699951171875,146.54234313964844,6543500,0.0,0.0
2022-01-28 00:00:00-05:00,168.50999450683594,172.72999572753906,167.2100067138672,172.6699981689453,149.39752197265625,5796000,0.0,0.0
2022-01-31 00:00:00-05:00,170.77000427246094,174.11000061035156,170.58999633789062,173.52000427246094,150.13304138183594,5908000,0.0,0.0
2022-02-01 00:00:00-05:00,173.14999389648438,173.42999267578125,169.55999755859375,172.33999633789062,149.1120147705078,5952700,0.0,0.0
2022-02-02 00:00:00-05:00,172.75999450683594,175.63999938964844,172.57000732421875,175.47000122070312,151.82017517089844,5767000,0.0,0.0
2022-02-03 00:00:00-05:00,175.27000427246094,176.66000366210938,173.8300018310547,175.3699951171875,151.73361206054688,4632700,0.0,0.0
2022-02-04 00:00:00-05:00,173.10000610351562,174.88999938964844,171.19000244140625,172.49000549316406,149.24183654785156,4592400,0.0,0.0
2022-02-07 00:00:00-05:00,172.74000549316406,172.99000549316406,171.2100067138672,171.80999755859375,148.65345764160156,4813300,0.0,0.0
2022-02-08 00:00:00-05:00,172.6300048828125,172.63999938964844,170.30999755859375,172.02000427246094,148.83517456054688,3957700,0.0,0.0
2022-02-09 00:00:00-05:00,172.5,172.77999877929688,171.00999450683594,171.94000244140625,148.76593017578125,6780200,0.0,0.0
2022-02-10 00:00:00-05:00,168.66000366210938,171.4499969482422,167.3000030517578,168.3699951171875,145.67709350585938,7899800,0.0,0.0
2022-02-11 00:00:00-05:00,168.05999755859375,170.30999755859375,167.69000244140625,168.5800018310547,145.85877990722656,7299600,0.0,0.0
2022-02-14 00:00:00-05:00,169.4199981689453,169.67999267578125,165.10000610351562,166.6999969482422,144.23219299316406,6822500,0.0,0.0
2022-02-15 00:00:00-05:00,167.22000122070312,168.25,165.25999450683594,165.9600067138672,143.5919189453125,4943800,0.0,0.0
2022-02-16 00:00:00-05:00,165.6300048828125,167.1999969482422,164.5399932861328,166.3000030517578,143.88609313964844,4161700,0.0,0.0
2022-02-17 00:00:00-05:00,166.00999450683594,167.9499969482422,165.0,166.75,144.2754364013672,5156800,0.0,0.0
2022-02-18 00:00:00-05:00,167.11000061035156,168.24000549316406,166.22000122070312,167.7100067138672,145.1060791015625,5181600,0.0,0.0
2022-02-22 00:00:00-05:00,168.57000732421875,168.94000244140625,166.22999572753906,168.35000610351562,145.65982055664062,7733900,0.0,0.0
2022-02-23 00:00:00-05:00,169.1199951171875,169.1199951171875,166.52000427246094,166.69000244140625,144.22352600097656,5812800,0.0,0.0
2022-02-24 00:00:00-05:00,165.7100067138672,166.33999633789062,160.2899932861328,163.7899932861328,141.71438598632812,8888800,0.0,0.0
2022-02-25 00:00:00-05:00,164.4199981689453,168.4600067138672,164.25999450683594,168.3800048828125,145.68580627441406,6535600,0.0,0.0
2022-02-28 00:00:00-05:00,164.0399932861328,165.2100067138672,161.41000366210938,163.74000549316406,141.671142578125,7677000,0.0,0.0
2022-03-01 00:00:00-05:00,163.07000732421875,164.39999389648438,161.3000030517578,162.27000427246094,140.39923095703125,5107900,0.0,0.0
2022-03-02 00:00:00-05:00,162.97999572753906,165.82000732421875,162.49000549316406,164.52000427246094,142.34603881835938,5452100,0.0,0.0
2022-03-03 00:00:00-05:00,163.97000122070312,165.19000244140625,162.8000030517578,163.27000427246094,142.193603515625,5352200,1.075,0.0
2022-03-04 00:00:00-05:00,162.0,166.5,160.9199981689453,165.75,144.3534698486328,6340300,0.0,0.0
2022-03-07 00:00:00-05:00,164.07000732421875,165.14999389648438,162.1300048828125,162.4499969482422,141.47946166992188,6319500,0.0,0.0
2022-03-08 00:00:00-05:00,162.3800048828125,163.97000122070312,157.69000244140625,157.8699951171875,137.49069213867188,6163700,0.0,0.0
2022-03-09 00:00:00-05:00,159.80999755859375,160.05999755859375,156.39999389648438,157.39999389648438,137.08135986328125,5764900,0.0,0.0
2022-03-10 00:00:00-05:00,155.7899932861328,156.25,153.3699951171875,154.50999450683594,134.56442260742188,6103700,0.0,0.0
2022-03-11 00:00:00-05:00,155.4499969482422,156.88999938964844,153.47999572753906,153.72999572753906,133.88510131835938,4762600,0.0,0.0
2022-03-14 00:00:00-04:00,155.14999389648438,157.8000030517578,154.5,155.88999938964844,135.76626586914062,6075600,0.0,0.0
2022-03-15 00:00:00-04:00,157.32000732421875,159.5,156.8300018310547,159.0,138.47482299804688,6203400,0.0,0.0
2022-03-16 00:00:00-04:00,158.41000366210938,159.99000549316406,157.0399932861328,159.6999969482422,139.08444213867188,6299000,0.0,0.0
2022-03-17 00:00:00-04:00,159.8300018310547,161.6300048828125,159.3000030517578,160.94000244140625,140.1643524169922,3587600,0.0,0.0
2022-03-18 00:00:00-04:00,161.3800048828125,162.92999267578125,160.05999755859375,162.7899932861328,141.77557373046875,12123000,0.0,0.0
2022-03-21 00:00:00-04:00,162.27000427246094,163.80999755859375,161.07000732421875,162.55999755859375,141.57525634765625,5122600,0.0,0.0
2022-03-22 00:00:00-04:00,162.83999633789062,164.77000427246094,162.22999572753906,164.33999633789062,143.12548828125,5779200,0.0,0.0
2022-03-23 00:00:00-04:00,164.25,165.27999877929688,162.6300048828125,163.47999572753906,142.37648010253906,4533700,0.0,0.0
2022-03-24 00:00:00-04:00,164.05999755859375,164.72999572753906,163.27000427246094,164.47000122070312,143.2387237548828,3160300,0.0,0.0
2022-03-25 00:00:00-04:00,164.42999267578125,165.89999389648438,164.42999267578125,165.24000549316406,143.90931701660156,4146800,0.0,0.0
2022-03-28 00:00:00-04:00,165.10000610351562,165.77000427246094,163.7100067138672,165.72999572753906,144.33604431152344,4308000,0.0,0.0
2022-03-29 00:00:00-04:00,167.2899932861328,168.5800018310547,166.3699951171875,168.19000244140625,146.4784698486328,4440400,0.0,0.0
2022-03-30 00:00:00-04:00,168.10000610351562,168.24000549316406,166.1199951171875,167.9600067138672,146.27816772460938,3871500,0.0,0.0
2022-03-31 00:00:00-04:00,168.3699951171875,169.3000030517578,167.27000427246094,167.3800048828125,145.77305603027344,6076200,0.0,0.0
2022-04-01 00:00:00-04:00,167.88999938964844,169.92999267578125,167.3699951171875,169.75999450683594,147.8458251953125,3239600,0.0,0.0
2022-04-04 00:00:00-04:00,169.11000061035156,169.38999938964844,167.4499969482422,169.32000732421875,147.46263122558594,3759900,0.0,0.0
2022-04-05 00:00:00-04:00,168.32000732421875,171.3800048828125,168.32000732421875,169.5,147.619384765625,4480700,0.0,0.0
2022-04-06 00:00:00-04:00,169.9199981689453,172.6999969482422,169.49000549316406,172.38999938964844,150.1362762451172,4294800,0.0,0.0
2022-04-07 00:00:00-04:00,172.02999877929688,173.27999877929688,170.77999877929688,172.5500030517578,150.27561950683594,5041600,0.0,0.0
2022-04-08 00:00:00-04:00,172.99000549316406,173.69000244140625,171.58999633789062,173.1300048828125,150.78079223632812,3883100,0.0,0.0
2022-04-11 00:00:00-04:00,173.61000061035156,174.97000122070312,172.32000732421875,172.60000610351562,150.31918334960938,3825100,0.0,0.0
2022-04-12 00:00:00-04:00,173.77999877929688,174.64999389648438,172.6300048828125,173.3000030517578,150.92881774902344,3924300,0.0,0.0
2022-04-13 00:00:00-04:00,173.5800018310547,173.82000732421875,171.72999572753906,173.0,150.6675567626953,4394000,0.0,0.0
2022-04-14 00:00:00-04:00,173.47999572753906,174.25999450683594,171.75999450683594,171.89999389648438,149.70956420898438,4834300,0.0,0.0
2022-04-18 00:00:00-04:00,171.22000122070312,172.30999755859375,169.9600067138672,170.4199981689453,148.4206085205078,3086000,0.0,0.0
2022-04-19 00:00:00-04:00,169.83999633789062,173.1699981689453,169.83999633789062,172.89999389648438,150.5804901123047,3642000,0.0,0.0
2022-04-20 00:00:00-04:00,173.72000122070312,175.97000122070312,173.72000122070312,175.47000122070312,152.81871032714844,4197600,0.0,0.0
2022-04-21 00:00:00-04:00,175.75999450683594,177.24000549316406,174.64999389648438,174.83999633789062,152.27001953125,3701300,0.0,0.0
2022-04-22 00:00:00-04:00,174.99000549316406,175.27000427246094,171.94000244140625,172.14999389648438,149.92727661132812,5864000,0.0,0.0
2022-04-25 00:00:00-04:00,173.2100067138672,173.9199981689453,171.0,173.74000549316406,151.31207275390625,7369900,0.0,0.0
2022-04-26 00:00:00-04:00,173.97000122070312,175.35000610351562,172.72999572753906,173.3000030517578,150.92881774902344,7386600,0.0,0.0
2022-04-27 00:00:00-04:00,173.4199981689453,176.69000244140625,173.19000244140625,174.85000610351562,152.2787322998047,5180300,0.0,0.0
2022-04-28 00:00:00-04:00,174.52999877929688,177.6199951171875,173.82000732421875,177.5,154.58663940429688,5235800,0.0,0.0
2022-04-29 00:00:00-04:00,177.41000366210938,177.41000366210938,171.41000366210938,171.7100067138672,149.54405212402344,6505600,0.0,0.0
2022-05-02 00:00:00-04:00,173.0,173.4600067138672,165.27000427246094,167.75999450683594,146.10400390625,7692100,0.0,0.0
2022-05-03 00:00:00-04:00,169.13999938964844,169.30999755859375,166.5800018310547,167.99000549316406,146.3043212890625,5564900,0.0,0.0
2022-05-04 00:00:00-04:00,167.61000061035156,174.1199951171875,167.61000061035156,173.86000061035156,151.41650390625,6231500,0.0,0.0
2022-05-05 00:00:00-04:00,173.10000610351562,173.32000732421875,169.0800018310547,170.38999938964844,148.39450073242188,6534300,0.0,0.0
2022-05-06 00:00:00-04:00,169.24000549316406,170.8000030517578,168.72000122070312,170.41000366210938,148.4119110107422,5824600,0.0,0.0
2022-05-09 00:00:00-04:00,169.66000366210938,172.88999938964844,168.75999450683594,171.6999969482422,149.5353546142578,7269100,0.0,0.0
2022-05-10 00:00:00-04:00,173.1199951171875,174.5399932861328,170.75,171.49000549316406,149.3524932861328,5936700,0.0,0.0
2022-05-11 00:00:00-04:00,170.82000732421875,172.41000366210938,169.9199981689453,170.66000366210938,148.62960815429688,5376900,0.0,0.0
2022-05-12 00:00:00-04:00,171.25,171.99000549316406,168.16000366210938,170.39999389648438,148.40321350097656,6473500,0.0,0.0
2022-05-13 00:00:00-04:00,170.6999969482422,174.16000366210938,169.4600067138672,173.72000122070312,151.29461669921875,4714600,0.0,0.0
2022-05-16 00:00:00-04:00,173.7100067138672,176.3000030517578,173.4199981689453,175.47000122070312,152.81871032714844,5317200,0.0,0.0
2022-05-17 00:00:00-04:00,175.30999755859375,175.67999267578125,172.5800018310547,174.4600067138672,151.93914794921875,5012200,0.0,0.0
2022-05-18 00:00:00-04:00,173.69000244140625,173.8699951171875,162.9199981689453,163.64999389648438,142.52452087402344,8875400,0.0,0.0
2022-05-19 00:00:00-04:00,162.5,162.77999877929688,159.6699981689453,161.1999969482422,140.39076232910156,6423800,0.0,0.0
2022-05-20 00:00:00-04:00,162.24000549316406,163.05999755859375,159.6199951171875,162.2100067138672,141.2704620361328,5768800,0.0,0.0
2022-05-23 00:00:00-04:00,164.2100067138672,166.9499969482422,163.57000732421875,165.60000610351562,144.22283935546875,4657800,0.0,0.0
2022-05-24 00:00:00-04:00,166.02000427246094,168.25999450683594,165.16000366210938,167.82000732421875,146.15628051757812,6327600,0.0,0.0
2022-05-25 00:00:00-04:00,167.85000610351562,169.49000549316406,166.9600067138672,168.97000122070312,147.1577911376953,5781000,0.0,0.0
2022-05-26 00:00:00-04:00,168.9600067138672,171.08999633789062,168.9600067138672,170.11000061035156,148.150634765625,5193800,0.0,0.0
2022-05-27 00:00:00-04:00,171.25999450683594,171.80999755859375,170.1999969482422,171.77000427246094,149.59632873535156,6713500,0.0,0.0
2022-05-31 00:00:00-04:00,170.97999572753906,170.97999572753906,165.3699951171875,167.75,146.09530639648438,13610000,0.0,0.0
2022-06-01 00:00:00-04:00,168.17999267578125,168.3800048828125,163.82000732421875,166.49000549316406,144.99795532226562,5613900,0.0,0.0
2022-06-02 00:00:00-04:00,165.6199951171875,166.75,162.64999389648438,166.67999267578125,146.17306518554688,4677300,1.15,0.0
2022-06-03 00:00:00-04:00,165.86000061035156,166.58999633789062,164.36000061035156,164.85000610351562,144.56820678710938,4222000,0.0,0.0
2022-06-06 00:00:00-04:00,166.4600067138672,167.6199951171875,164.72999572753906,165.5399932861328,145.1732940673828,3447800,0.0,0.0
2022-06-07 00:00:00-04:00,165.67999267578125,166.86000061035156,164.22000122070312,166.55999755859375,146.0678253173828,4168300,0.0,0.0
2022-06-08 00:00:00-04:00,165.74000549316406,166.80999755859375,165.11000061035156,165.72999572753906,145.33995056152344,2646800,0.0,0.0
2022-06-09 00:00:00-04:00,165.19000244140625,166.92999267578125,162.6699981689453,162.77999877929688,142.7529296875,3522900,0.0,0.0
2022-06-10 00:00:00-04:00,160.97000122070312,163.9199981689453,159.4499969482422,162.52000427246094,142.52490234375,5203300,0.0,0.0
2022-06-13 00:00:00-04:00,160.52999877929688,162.8699951171875,159.05999755859375,159.74000549316406,140.08692932128906,6300700,0.0,0.0
2022-06-14 00:00:00-04:00,160.0,160.0500030517578,154.86000061035156,156.1199951171875,136.91229248046875,6159200,0.0,0.0
2022-06-15 00:00:00-04:00,157.9199981689453,159.83999633789062,155.92999267578125,157.7899932861328,138.3768310546875,5940100,0.0,0.0
2022-06-16 00:00:00-04:00,156.6300048828125,158.4600067138672,155.11000061035156,157.02999877929688,137.7103271484375,7207900,0.0,0.0
2022-06-17 00:00:00-04:00,157.02999877929688,158.99000549316406,156.1699981689453,157.05999755859375,137.7366485595703,9881800,0.0,0.0
2022-06-21 00:00:00-04:00,158.1699981689453,160.9600067138672,157.35000610351562,160.7100067138672,140.9375762939453,4449600,0.0,0.0
2022-06-22 00:00:00-04:00,160.3300018310547,162.99000549316406,159.55999755859375,162.02999877929688,142.09515380859375,4706500,0.0,0.0
2022-06-23 00:00:00-04:00,163.77999877929688,165.13999938964844,163.14999389648438,164.10000610351562,143.91049194335938,5810700,0.0,0.0
2022-06-24 00:00:00-04:00,165.63999938964844,166.19000244140625,163.94000244140625,166.1300048828125,145.69078063964844,5951500,0.0,0.0
2022-06-27 00:00:00-04:00,165.8699951171875,167.1300048828125,165.33999633789062,166.35000610351562,145.8836669921875,4595800,0.0,0.0
2022-06-28 00:00:00-04:00,167.14999389648438,168.4499969482422,163.85000610351562,164.00999450683594,143.83152770996094,4372900,0.0,0.0
2022-06-29 00:00:00-04:00,166.05999755859375,167.55999755859375,165.35000610351562,166.72999572753906,146.21690368652344,3653600,0.0,0.0
2022-06-30 00:00:00-04:00,167.1300048828125,167.5800018310547,165.6300048828125,166.66000366210938,146.15553283691406,6295100,0.0,0.0
2022-07-01 00:00:00-04:00,166.74000549316406,169.52000427246094,165.75999450683594,169.38999938964844,148.54966735839844,3918700,0.0,0.0
2022-07-05 00:00:00-04:00,168.6300048828125,169.38999938964844,165.3300018310547,169.00999450683594,148.21636962890625,4971600,0.0,0.0
2022-07-06 00:00:00-04:00,170.0,171.9499969482422,169.47999572753906,170.6999969482422,149.698486328125,4209100,0.0,0.0
2022-07-07 00:00:00-04:00,169.52000427246094,171.0399932861328,169.3800048828125,170.36000061035156,149.4003143310547,5150200,0.0,0.0
2022-07-08 00:00:00-04:00,170.57000732421875,172.6999969482422,170.5500030517578,171.8800048828125,150.7333221435547,3482900,0.0,0.0
2022-07-11 00:00:00-04:00,171.41000366210938,172.8000030517578,170.02000427246094,170.47000122070312,149.49676513671875,4921300,0.0,0.0
2022-07-12 00:00:00-04:00,173.0,173.32000732421875,168.8699951171875,169.5,148.64613342285156,5201600,0.0,0.0
2022-07-13 00:00:00-04:00,168.5399932861328,171.44000244140625,167.97999572753906,170.10000610351562,149.17227172851562,4533100,0.0,0.0
2022-07-14 00:00:00-04:00,168.2899932861328,171.16000366210938,167.6999969482422,170.97999572753906,149.94400024414062,4218300,0.0,0.0
2022-07-15 00:00:00-04:00,171.33999633789062,172.9199981689453,170.02000427246094,171.1199951171875,150.06683349609375,4659100,0.0,0.0
2022-07-18 00:00:00-04:00,171.14999389648438,171.24000549316406,167.85000610351562,168.25999450683594,147.55870056152344,3479700,0.0,0.0
2022-07-19 00:00:00-04:00,170.25,170.75,168.6300048828125,170.05999755859375,149.13723754882812,4201600,0.0,0.0
2022-07-20 00:00:00-04:00,170.0500030517578,170.57000732421875,167.4600067138672,168.25999450683594,147.55870056152344,3460700,0.0,0.0
2022-07-21 00:00:00-04:00,167.99000549316406,169.41000366210938,167.55999755859375,168.50999450683594,147.77792358398438,3088300,0.0,0.0
2022-07-22 00:00:00-04:00,169.13999938964844,170.57000732421875,168.49000549316406,169.61000061035156,148.74256896972656,3757800,0.0,0.0
2022-07-25 00:00:00-04:00,170.30999755859375,170.86000061035156,169.0399932861328,169.85000610351562,148.95306396484375,3357200,0.0,0.0
2022-07-26 00:00:00-04:00,170.57000732421875,171.99000549316406,169.24000549316406,171.8300018310547,150.68948364257812,3732100,0.0,0.0
2022-07-27 00:00:00-04:00,170.49000549316406,171.9499969482422,169.05999755859375,171.58999633789062,150.47897338867188,4479000,0.0,0.0
2022-07-28 00:00:00-04:00,171.8699951171875,175.1199951171875,171.19000244140625,174.83999633789062,153.32911682128906,3134200,0.0,0.0
2022-07-29 00:00:00-04:00,173.66000366210938,175.47999572753906,173.38999938964844,174.9600067138672,153.43438720703125,4215500,0.0,0.0
2022-08-01 00:00:00-04:00,174.5500030517578,177.69000244140625,174.5500030517578,176.9499969482422,155.17955017089844,4034600,0.0,0.0
2022-08-02 00:00:00-04:00,176.94000244140625,177.14999389648438,175.22000122070312,175.49000549316406,153.899169921875,3781100,0.0,0.0
2022-08-03 00:00:00-04:00,175.0800018310547,177.05999755859375,174.24000549316406,176.8300018310547,155.0742950439453,4401300,0.0,0.0
2022-08-04 00:00:00-04:00,176.4199981689453,176.74000549316406,174.5800018310547,175.8699951171875,154.23240661621094,3822500,0.0,0.0
2022-08-05 00:00:00-04:00,174.38999938964844,174.6999969482422,172.39999389648438,174.5500030517578,153.07481384277344,3295600,0.0,0.0
2022-08-08 00:00:00-04:00,175.7899932861328,175.97000122070312,173.32000732421875,173.85000610351562,152.4609375,2846100,0.0,0.0
2022-08-09 00:00:00-04:00,174.7899932861328,175.22999572753906,173.9600067138672,174.5,153.03097534179688,3228800,0.0,0.0
2022-08-10 00:00:00-04:00,175.80999755859375,176.42999267578125,174.72000122070312,175.94000244140625,154.29379272460938,4041100,0.0,0.0
2022-08-11 00:00:00-04:00,176.36000061035156,177.1199951171875,174.6699981689453,175.0399932861328,153.50453186035156,2743800,0.0,0.0
2022-08-12 00:00:00-04:00,175.92999267578125,177.3800048828125,175.3800048828125,177.3300018310547,155.51278686523438,3756200,0.0,0.0
2022-08-15 00:00:00-04:00,177.77000427246094,179.36000061035156,176.8000030517578,179.27999877929688,157.22286987304688,3043100,0.0,0.0
2022-08-16 00:00:00-04:00,179.77999877929688,180.6999969482422,178.63999938964844,180.32000732421875,158.13494873046875,3395700,0.0,0.0
2022-08-17 00:00:00-04:00,180.10000610351562,181.07000732421875,179.72000122070312,180.22000122070312,158.04721069335938,2666200,0.0,0.0
2022-08-18 00:00:00-04:00,180.82000732421875,180.92999267578125,179.94000244140625,180.39999389648438,158.20506286621094,3010600,0.0,0.0
2022-08-19 00:00:00-04:00,179.75999450683594,181.00999450683594,179.32000732421875,180.1699981689453,158.0033721923828,3704000,0.0,0.0
2022-08-22 00:00:00-04:00,180.13999938964844,180.47000122070312,178.02000427246094,178.4499969482422,156.49501037597656,3385000,0.0,0.0
2022-08-23 00:00:00-04:00,177.82000732421875,178.86000061035156,177.2899932861328,178.3699951171875,156.4248504638672,2575000,0.0,0.0
2022-08-24 00:00:00-04:00,178.3699951171875,179.5,178.11000061035156,179.25999450683594,157.20538330078125,3340600,0.0,0.0
2022-08-25 00:00:00-04:00,179.02999877929688,179.35000610351562,177.38999938964844,179.27000427246094,157.21412658691406,3401800,0.0,0.0
2022-08-26 00:00:00-04:00,179.9600067138672,179.97999572753906,174.6699981689453,175.0399932861328,153.50453186035156,5246600,0.0,0.0
2022-08-29 00:00:00-04:00,174.5500030517578,175.2899932861328,173.2100067138672,174.49000549316406,153.02220153808594,4184500,0.0,0.0
2022-08-30 00:00:00-04:00,174.33999633789062,174.69000244140625,172.3300018310547,172.99000549316406,151.706787109375,4026300,0.0,0.0
2022-08-31 00:00:00-04:00,173.80999755859375,174.41000366210938,172.1999969482422,172.27000427246094,151.0753173828125,5597900,0.0,0.0
2022-09-01 00:00:00-04:00,170.9199981689453,172.97999572753906,170.24000549316406,172.85000610351562,152.60269165039062,4846100,1.15,0.0
2022-09-02 00:00:00-04:00,173.72000122070312,174.97000122070312,169.88999938964844,170.66000366210938,150.66920471191406,5801500,0.0,0.0
2022-09-06 00:00:00-04:00,170.97999572753906,172.58999633789062,169.1300048828125,169.50999450683594,149.65394592285156,4900100,0.0,0.0
2022-09-07 00:00:00-04:00,170.6199951171875,173.77999877929688,169.92999267578125,173.25,152.955810546875,6074600,0.0,0.0
2022-09-08 00:00:00-04:00,172.77999877929688,173.42999267578125,170.55999755859375,172.6699981689453,152.44374084472656,3888100,0.0,0.0
2022-09-09 00:00:00-04:00,172.64999389648438,174.5500030517578,171.6699981689453,173.22000122070312,152.92933654785156,3662000,0.0,0.0
2022-09-12 00:00:00-04:00,173.22000122070312,174.44000244140625,172.75,173.89999389648438,153.52964782714844,5953300,0.0,0.0
2022-09-13 00:00:00-04:00,172.5,172.8300018310547,166.9499969482422,167.41000366210938,147.79989624023438,6926200,0.0,0.0
2022-09-14 00:00:00-04:00,168.1199951171875,169.19000244140625,167.57000732421875,168.67999267578125,148.92112731933594,5156900,0.0,0.0
2022-09-15 00:00:00-04:00,168.52999877929688,168.55999755859375,165.33999633789062,165.8800048828125,146.44911193847656,5461000,0.0,0.0
2022-09-16 00:00:00-04:00,166.36000061035156,167.1699981689453,165.25,166.97000122070312,147.41143798828125,12012600,0.0,0.0
2022-09-19 00:00:00-04:00,167.05999755859375,168.80999755859375,166.5,168.72999572753906,148.9652862548828,3720900,0.0,0.0
2022-09-20 00:00:00-04:00,167.5800018310547,169.14999389648438,166.86000061035156,168.9199981689453,149.1330108642578,3872000,0.0,0.0
2022-09-21 00:00:00-04:00,169.8800048828125,172.02999877929688,168.33999633789062,168.44000244140625,148.70924377441406,5134500,0.0,0.0
2022-09-22 00:00:00-04:00,168.39999389648438,169.88999938964844,168.0500030517578,168.60000610351562,148.85052490234375,4290600,0.0,0.0
2022-09-23 00:00:00-04:00,168.38999938964844,168.75,166.52999877929688,168.52000427246094,148.7799072265625,4565100,0.0,0.0
2022-09-26 00:00:00-04:00,168.3300018310547,170.00999450683594,167.52999877929688,168.4499969482422,148.7180938720703,5326400,0.0,0.0
2022-09-27 00:00:00-04:00,168.24000549316406,170.0,165.24000549316406,166.00999450683594,146.5638885498047,5400700,0.0,0.0
2022-09-28 00:00:00-04:00,166.91000366210938,169.6199951171875,165.24000549316406,168.6699981689453,148.9123077392578,5480900,0.0,0.0
2022-09-29 00:00:00-04:00,168.8000030517578,169.13999938964844,165.0,166.61000061035156,147.09359741210938,5167700,0.0,0.0
2022-09-30 00:00:00-04:00,167.69000244140625,168.24000549316406,163.00999450683594,163.25999450683594,144.1360321044922,5971900,0.0,0.0
2022-10-03 00:00:00-04:00,163.52000427246094,165.69000244140625,163.02000427246094,165.25,145.89291381835938,5093400,0.0,0.0
2022-10-04 00:00:00-04:00,167.38999938964844,168.72999572753906,165.5500030517578,167.11000061035156,147.53504943847656,4596800,0.0,0.0
2022-10-05 00:00:00-04:00,166.97000122070312,167.08999633789062,163.72999572753906,166.0,146.55506896972656,3538600,0.0,0.0
2022-10-06 00:00:00-04:00,165.7899932861328,166.02000427246094,162.5,162.8000030517578,143.7299041748047,4623400,0.0,0.0
2022-10-07 00:00:00-04:00,162.3000030517578,163.00999450683594,160.97999572753906,161.61000061035156,142.67929077148438,4779200,0.0,0.0
2022-10-10 00:00:00-04:00,161.99000549316406,163.0399932861328,161.19000244140625,161.82000732421875,142.86468505859375,4839200,0.0,0.0
2022-10-11 00:00:00-04:00,162.24000549316406,164.27000427246094,161.55999755859375,162.58999633789062,143.54449462890625,5222600,0.0,0.0
2022-10-12 00:00:00-04:00,168.72999572753906,170.6999969482422,166.60000610351562,169.38999938964844,149.54798889160156,9795300,0.0,0.0
2022-10-13 00:00:00-04:00,167.10000610351562,175.0399932861328,166.82000732421875,174.61000061035156,154.15650939941406,8412700,0.0,0.0
2022-10-14 00:00:00-04:00,175.97999572753906,176.25999450683594,169.99000549316406,170.19000244140625,150.25425720214844,5937900,0.0,0.0
2022-10-17 00:00:00-04:00,172.27000427246094,173.58999633789062,171.07000732421875,172.72999572753906,152.4967498779297,6401800,0.0,0.0
2022-10-18 00:00:00-04:00,174.82000732421875,176.91000366210938,173.41000366210938,175.05999755859375,154.55381774902344,4547400,0.0,0.0
2022-10-19 00:00:00-04:00,174.82000732421875,175.83999633789062,172.3300018310547,173.36000061035156,153.05291748046875,5200200,0.0,0.0
2022-10-20 00:00:00-04:00,174.1999969482422,174.36000061035156,171.11000061035156,171.4600067138672,151.37548828125,4314000,0.0,0.0
2022-10-21 00:00:00-04:00,171.1999969482422,173.69000244140625,170.5800018310547,173.05999755859375,152.7880859375,5071500,0.0,0.0
2022-10-24 00:00:00-04:00,174.80999755859375,177.97999572753906,174.6699981689453,177.67999267578125,156.8668670654297,5316500,0.0,0.0
2022-10-25 00:00:00-04:00,178.1199951171875,178.8699951171875,176.61000061035156,178.27000427246094,157.3878173828125,5220000,0.0,0.0
2022-10-26 00:00:00-04:00,179.25999450683594,180.89999389648438,178.32000732421875,179.07000732421875,158.09410095214844,5136000,0.0,0.0
2022-10-27 00:00:00-04:00,180.3699951171875,180.92999267578125,178.57000732421875,178.8800048828125,157.9263153076172,5424100,0.0,0.0
2022-10-28 00:00:00-04:00,179.6999969482422,182.92999267578125,179.47999572753906,182.22999572753906,160.88389587402344,6715300,0.0,0.0
2022-10-31 00:00:00-04:00,181.17999267578125,182.97999572753906,180.5399932861328,181.5800018310547,160.31008911132812,4877200,0.0,0.0
2022-11-01 00:00:00-04:00,180.94000244140625,182.80999755859375,179.88999938964844,180.75999450683594,159.5861053466797,4084500,0.0,0.0
2022-11-02 00:00:00-04:00,180.77999877929688,183.5800018310547,178.1699981689453,178.24000549316406,157.36131286621094,4970600,0.0,0.0
2022-11-03 00:00:00-04:00,176.77999877929688,178.89999389648438,176.52999877929688,177.77999877929688,156.95518493652344,3753800,0.0,0.0
2022-11-04 00:00:00-04:00,177.9199981689453,179.7899932861328,176.52999877929688,178.77999877929688,157.8380584716797,3922400,0.0,0.0
2022-11-07 00:00:00-05:00,179.52000427246094,180.6199951171875,178.8300018310547,180.2100067138672,159.1005401611328,3246100,0.0,0.0
2022-11-08 00:00:00-05:00,180.44000244140625,182.11000061035156,178.8000030517578,180.7100067138672,159.54200744628906,3724700,0.0,0.0
2022-11-09 00:00:00-05:00,179.9499969482422,181.07000732421875,178.39999389648438,178.5500030517578,157.63497924804688,4723600,0.0,0.0
2022-11-10 00:00:00-05:00,182.64999389648438,182.9199981689453,178.55999755859375,181.6999969482422,160.4159698486328,6704100,0.0,0.0
2022-11-11 00:00:00-05:00,181.1300048828125,181.69000244140625,175.44000244140625,178.0500030517578,157.1935577392578,7390500,0.0,0.0
2022-11-14 00:00:00-05:00,178.6699981689453,179.17999267578125,176.5,176.72999572753906,156.0281524658203,5633000,0.0,0.0
2022-11-15 00:00:00-05:00,178.0399932861328,178.6999969482422,175.4199981689453,177.19000244140625,156.43431091308594,5153600,0.0,0.0
2022-11-16 00:00:00-05:00,178.3000030517578,179.6300048828125,177.72000122070312,178.3300018310547,157.44073486328125,4701100,0.0,0.0
2022-11-17 00:00:00-05:00,177.49000549316406,180.16000366210938,177.42999267578125,180.02999877929688,158.94163513183594,3920300,0.0,0.0
2022-11-18 00:00:00-05:00,180.2100067138672,181.83999633789062,180.02000427246094,181.3300018310547,160.08932495117188,4498100,0.0,0.0
2022-11-21 00:00:00-05:00,182.27000427246094,185.1300048828125,182.08999633789062,184.82000732421875,163.17054748535156,4397600,0.0,0.0
2022-11-22 00:00:00-05:00,185.80999755859375,186.6199951171875,184.3699951171875,184.83999633789062,163.18820190429688,4109600,0.0,0.0
2022-11-23 00:00:00-05:00,185.0,186.0800018310547,184.5,185.0800018310547,163.40005493164062,2511000,0.0,0.0
2022-11-25 00:00:00-05:00,184.5800018310547,185.0,183.94000244140625,184.11000061035156,162.54368591308594,1837000,0.0,0.0
2022-11-28 00:00:00-05:00,184.39999389648438,185.49000549316406,183.50999450683594,183.88999938964844,162.34945678710938,6411400,0.0,0.0
2022-11-29 00:00:00-05:00,183.3000030517578,183.4199981689453,181.02000427246094,182.58999633789062,161.2017364501953,4375400,0.0,0.0
2022-11-30 00:00:00-05:00,181.89999389648438,185.6999969482422,180.24000549316406,185.50999450683594,163.7797088623047,7915600,0.0,0.0
2022-12-01 00:00:00-05:00,185.47999572753906,186.3300018310547,184.16000366210938,185.89999389648438,165.1477813720703,4683300,1.15,0.0
2022-12-02 00:00:00-05:00,184.0,186.30999755859375,183.83999633789062,185.69000244140625,164.96124267578125,3547700,0.0,0.0
2022-12-05 00:00:00-05:00,183.42999267578125,183.94000244140625,182.32000732421875,183.1199951171875,162.67813110351562,4083200,0.0,0.0
2022-12-06 00:00:00-05:00,183.75,184.2899932861328,180.6999969482422,181.6300048828125,161.3544464111328,5835100,0.0,0.0
2022-12-07 00:00:00-05:00,181.80999755859375,182.4499969482422,180.69000244140625,182.17999267578125,161.8430633544922,4241700,0.0,0.0
2022-12-08 00:00:00-05:00,181.80999755859375,183.97999572753906,181.25999450683594,183.77999877929688,163.26443481445312,3800800,0.0,0.0
2022-12-09 00:00:00-05:00,184.2100067138672,184.2100067138672,183.0500030517578,183.10000610351562,162.66038513183594,3116100,0.0,0.0
2022-12-12 00:00:00-05:00,184.17999267578125,184.17999267578125,182.36000061035156,183.97000122070312,163.43324279785156,4691400,0.0,0.0
2022-12-13 00:00:00-05:00,186.47999572753906,186.83999633789062,182.94000244140625,183.8699951171875,163.34442138671875,5634900,0.0,0.0
2022-12-14 00:00:00-05:00,184.07000732421875,185.8800048828125,182.1300048828125,183.36000061035156,162.89134216308594,5392500,0.0,0.0
2022-12-15 00:00:00-05:00,181.97999572753906,182.7100067138672,178.38999938964844,180.25,160.1284942626953,6127800,0.0,0.0
2022-12-16 00:00:00-05:00,180.0800018310547,181.19000244140625,178.47999572753906,180.33999633789062,160.20846557617188,15708100,0.0,0.0
2022-12-19 00:00:00-05:00,180.86000061035156,183.47000122070312,180.35000610351562,181.33999633789062,161.0968475341797,4447800,0.0,0.0
2022-12-20 00:00:00-05:00,181.82000732421875,182.25,180.63999938964844,181.22999572753906,160.99911499023438,3249000,0.0,0.0
2022-12-21 00:00:00-05:00,181.5500030517578,183.67999267578125,181.39999389648438,182.5,162.12734985351562,4236900,0.0,0.0
2022-12-22 00:00:00-05:00,181.86000061035156,182.0500030517578,178.9199981689453,181.08999633789062,160.87472534179688,4304700,0.0,0.0
2022-12-23 00:00:00-05:00,180.91000366210938,182.5500030517578,180.4499969482422,182.25999450683594,161.9141387939453,2197800,0.0,0.0
2022-12-27 00:00:00-05:00,183.27999877929688,183.61000061035156,182.27000427246094,183.07000732421875,162.6337127685547,3045000,0.0,0.0
2022-12-28 00:00:00-05:00,184.10000610351562,184.5399932861328,181.63999938964844,181.75,161.4610595703125,2694300,0.0,0.0
2022-12-29 00:00:00-05:00,181.9199981689453,182.86000061035156,181.88999938964844,181.97999572753906,161.66539001464844,2549200,0.0,0.0
2022-12-30 00:00:00-05:00,181.3800048828125,181.9600067138672,179.2899932861328,180.66000366210938,160.4927520751953,3136200,0.0,0.0
2023-01-03 00:00:00-05:00,180.58999633789062,180.75,176.57000732421875,179.41000366210938,159.38226318359375,5137400,0.0,0.0
2023-01-04 00:00:00-05:00,179.41000366210938,180.5399932861328,177.5500030517578,178.97000122070312,158.9914093017578,4771300,0.0,0.0
2023-01-05 00:00:00-05:00,177.9600067138672,178.77000427246094,176.86000061035156,177.10000610351562,157.33010864257812,3647100,0.0,0.0
2023-01-06 00:00:00-05:00,178.80999755859375,181.8300018310547,178.8000030517578,181.10000610351562,160.88363647460938,3713200,0.0,0.0
2023-01-09 00:00:00-05:00,180.44000244140625,182.77000427246094,178.80999755859375,179.3300018310547,159.3112030029297,3319200,0.0,0.0
2023-01-10 00:00:00-05:00,178.7899932861328,179.52999877929688,177.08999633789062,177.85000610351562,157.99642944335938,3817300,0.0,0.0
2023-01-11 00:00:00-05:00,179.38999938964844,179.7100067138672,175.67999267578125,178.0500030517578,158.1741180419922,4369900,0.0,0.0
2023-01-12 00:00:00-05:00,177.66000366210938,178.3699951171875,175.32000732421875,175.77999877929688,156.15748596191406,4246600,0.0,0.0
2023-01-13 00:00:00-05:00,175.39999389648438,175.72999572753906,174.1699981689453,175.24000549316406,155.67779541015625,4720400,0.0,0.0
2023-01-17 00:00:00-05:00,176.14999389648438,177.5500030517578,175.49000549316406,176.05999755859375,156.40621948242188,5032600,0.0,0.0
2023-01-18 00:00:00-05:00,175.24000549316406,175.74000549316406,171.3300018310547,171.6199951171875,152.46188354492188,5032600,0.0,0.0
2023-01-19 00:00:00-05:00,171.27999877929688,172.1699981689453,169.47999572753906,169.6300048828125,150.69403076171875,4720400,0.0,0.0
2023-01-20 00:00:00-05:00,168.9499969482422,169.88999938964844,167.4600067138672,169.8800048828125,150.91615295410156,5779100,0.0,0.0
2023-01-23 00:00:00-05:00,170.00999450683594,170.75999450683594,168.72000122070312,169.1199951171875,150.24098205566406,5440400,0.0,0.0
2023-01-24 00:00:00-05:00,169.61000061035156,170.8699951171875,168.4499969482422,170.69000244140625,151.63568115234375,4125600,0.0,0.0
2023-01-25 00:00:00-05:00,170.33999633789062,171.97999572753906,169.33999633789062,171.92999267578125,152.73724365234375,3852800,0.0,0.0
2023-01-26 00:00:00-05:00,171.63999938964844,171.6699981689453,170.0399932861328,170.22000122070312,151.21817016601562,4558400,0.0,0.0
2023-01-27 00:00:00-05:00,169.77000427246094,170.22999572753906,168.5800018310547,169.6199951171875,150.6851348876953,5451400,0.0,0.0
2023-01-30 00:00:00-05:00,169.77999877929688,171.4600067138672,169.13999938964844,169.47999572753906,150.56076049804688,5191500,0.0,0.0
2023-01-31 00:00:00-05:00,170.1999969482422,171.07000732421875,169.32000732421875,171.02000427246094,151.92886352539062,4665500,0.0,0.0
2023-02-01 00:00:00-05:00,170.8800048828125,172.32000732421875,169.50999450683594,171.55999755859375,152.4085693359375,4147700,0.0,0.0
2023-02-02 00:00:00-05:00,169.4600067138672,170.55999755859375,168.50999450683594,169.97000122070312,150.99606323242188,5653800,0.0,0.0
2023-02-03 00:00:00-05:00,170.9600067138672,171.2899932861328,167.0500030517578,169.1199951171875,150.24098205566406,5308200,0.0,0.0
2023-02-06 00:00:00-05:00,169.74000549316406,172.3800048828125,169.58999633789062,171.82000732421875,152.6395721435547,5640000,0.0,0.0
2023-02-07 00:00:00-05:00,170.2899932861328,172.02999877929688,169.25999450683594,171.55999755859375,152.4085693359375,6044700,0.0,0.0
2023-02-08 00:00:00-05:00,171.0,171.3300018310547,170.24000549316406,171.16000366210938,152.05325317382812,5687300,0.0,0.0
2023-02-09 00:00:00-05:00,175.32000732421875,176.49000549316406,172.0399932861328,172.77999877929688,153.4923858642578,9619400,0.0,0.0
2023-02-10 00:00:00-05:00,173.1199951171875,176.58999633789062,172.64999389648438,176.1999969482422,156.53060913085938,6176000,0.0,0.0
2023-02-13 00:00:00-05:00,176.25999450683594,178.22999572753906,176.0399932861328,177.77000427246094,157.9253692626953,5205100,0.0,0.0
2023-02-14 00:00:00-05:00,177.10000610351562,177.25,174.7899932861328,175.77000427246094,156.14865112304688,5203000,0.0,0.0
2023-02-15 00:00:00-05:00,175.0,176.0500030517578,174.58999633789062,176.00999450683594,156.36181640625,4125500,0.0,0.0
2023-02-16 00:00:00-05:00,174.74000549316406,176.89999389648438,174.5399932861328,175.50999450683594,155.9176483154297,4973200,0.0,0.0
2023-02-17 00:00:00-05:00,175.16000366210938,176.4199981689453,174.8300018310547,176.27999877929688,156.6016845703125,3952100,0.0,0.0
2023-02-21 00:00:00-05:00,175.5800018310547,177.41000366210938,174.6699981689453,176.17999267578125,156.5128173828125,5797300,0.0,0.0
2023-02-22 00:00:00-05:00,176.72000122070312,177.42999267578125,175.77000427246094,176.1199951171875,156.4595489501953,5299500,0.0,0.0
2023-02-23 00:00:00-05:00,176.66000366210938,176.99000549316406,174.99000549316406,176.30999755859375,156.6283416748047,3801400,0.0,0.0
2023-02-24 00:00:00-05:00,175.4600067138672,176.3300018310547,174.2899932861328,175.9600067138672,156.31741333007812,2959100,0.0,0.0
2023-02-27 00:00:00-05:00,176.97000122070312,177.25,175.64999389648438,175.91000366210938,156.27297973632812,3208500,0.0,0.0
2023-02-28 00:00:00-05:00,174.8800048828125,175.05999755859375,173.1999969482422,173.52999877929688,154.15866088867188,4317100,0.0,0.0
2023-03-01 00:00:00-05:00,172.32000732421875,172.4600067138672,169.1199951171875,171.3300018310547,152.20423889160156,5359100,0.0,0.0
2023-03-02 00:00:00-05:00,170.50999450683594,173.75999450683594,169.77999877929688,173.32000732421875,155.01258850097656,4476300,1.15,0.0
2023-03-03 00:00:00-05:00,173.0,173.4499969482422,171.3300018310547,173.14999389648438,154.8605499267578,3627100,0.0,0.0
2023-03-06 00:00:00-05:00,172.22000122070312,173.66000366210938,172.22000122070312,173.5,155.1735382080078,3611400,0.0,0.0
2023-03-07 00:00:00-05:00,173.6699981689453,174.25999450683594,171.8699951171875,172.63999938964844,154.40438842773438,4094900,0.0,0.0
2023-03-08 00:00:00-05:00,172.67999267578125,173.36000061035156,171.77999877929688,173.11000061035156,154.82479858398438,2920200,0.0,0.0
2023-03-09 00:00:00-05:00,173.6199951171875,174.36000061035156,171.1999969482422,171.8000030517578,153.65313720703125,4042100,0.0,0.0
2023-03-10 00:00:00-05:00,172.52999877929688,174.24000549316406,170.9600067138672,172.02999877929688,153.8588409423828,4129900,0.0,0.0
2023-03-13 00:00:00-04:00,172.75999450683594,177.22999572753906,172.61000061035156,173.7100067138672,155.3613739013672,8265100,0.0,0.0
2023-03-14 00:00:00-04:00,172.49000549316406,173.80999755859375,171.57000732421875,173.52999877929688,155.2003936767578,6480800,0.0,0.0
2023-03-15 00:00:00-04:00,173.52999877929688,176.66000366210938,173.19000244140625,176.6300048828125,157.97296142578125,7099800,0.0,0.0
2023-03-16 00:00:00-04:00,176.61000061035156,177.0,175.32000732421875,176.50999450683594,157.86563110351562,4734400,0.0,0.0
2023-03-17 00:00:00-04:00,176.50999450683594,176.69000244140625,174.22999572753906,175.1300048828125,156.63140869140625,8854600,0.0,0.0
2023-03-20 00:00:00-04:00,176.5,177.67999267578125,175.50999450683594,177.58999633789062,158.83152770996094,4367000,0.0,0.0
2023-03-21 00:00:00-04:00,177.66000366210938,178.1699981689453,176.27999877929688,178.00999450683594,159.2071990966797,3812000,0.0,0.0
2023-03-22 00:00:00-04:00,177.83999633789062,179.3699951171875,176.4199981689453,176.50999450683594,157.86563110351562,4380800,0.0,0.0
2023-03-23 00:00:00-04:00,176.05999755859375,177.22000122070312,175.02000427246094,175.64999389648438,157.0964813232422,4655600,0.0,0.0
2023-03-24 00:00:00-04:00,176.52999877929688,179.33999633789062,176.38999938964844,179.08999633789062,160.17311096191406,3713800,0.0,0.0
2023-03-27 00:00:00-04:00,179.5800018310547,180.64999389648438,179.30999755859375,179.49000549316406,160.53086853027344,4078600,0.0,0.0
2023-03-28 00:00:00-04:00,179.3300018310547,180.4600067138672,179.3300018310547,179.42999267578125,160.47720336914062,2850000,0.0,0.0
2023-03-29 00:00:00-04:00,180.64999389648438,180.91000366210938,179.99000549316406,180.6699981689453,161.5862274169922,4496000,0.0,0.0
2023-03-30 00:00:00-04:00,181.0,181.3300018310547,180.0800018310547,180.8300018310547,161.72930908203125,2743000,0.0,0.0
2023-03-31 00:00:00-04:00,182.16000366210938,182.49000549316406,181.32000732421875,182.3000030517578,163.0440673828125,4479800,0.0,0.0
2023-04-03 00:00:00-04:00,181.89999389648438,182.75999450683594,180.39999389648438,182.5,163.22293090820312,3902300,0.0,0.0
2023-04-04 00:00:00-04:00,182.17999267578125,183.36000061035156,181.10000610351562,181.85000610351562,162.64158630371094,3306400,0.0,0.0
2023-04-05 00:00:00-04:00,183.25,184.9600067138672,183.05999755859375,183.63999938964844,164.2424774169922,3826300,0.0,0.0
2023-04-06 00:00:00-04:00,183.3000030517578,184.74000549316406,183.10000610351562,184.36000061035156,164.88644409179688,3389700,0.0,0.0
2023-04-10 00:00:00-04:00,183.8300018310547,183.89999389648438,181.69000244140625,183.1999969482422,163.84898376464844,2408100,0.0,0.0
2023-04-11 00:00:00-04:00,183.4199981689453,183.8800048828125,182.75999450683594,182.9199981689453,163.5985565185547,3586700,0.0,0.0
2023-04-12 00:00:00-04:00,182.69000244140625,183.77999877929688,182.25,182.55999755859375,163.27659606933594,3620900,0.0,0.0
2023-04-13 00:00:00-04:00,182.6199951171875,184.61000061035156,182.11000061035156,184.3800048828125,164.90432739257812,4303600,0.0,0.0
2023-04-14 00:00:00-04:00,183.33999633789062,184.02000427246094,182.9199981689453,183.50999450683594,164.12623596191406,2572900,0.0,0.0
2023-04-17 00:00:00-04:00,184.19000244140625,184.75,183.47999572753906,184.4499969482422,164.96693420410156,3224400,0.0,0.0
2023-04-18 00:00:00-04:00,184.77000427246094,185.22000122070312,183.74000549316406,184.8300018310547,165.30679321289062,2438600,0.0,0.0
2023-04-19 00:00:00-04:00,185.24000549316406,185.32000732421875,184.25999450683594,184.72000122070312,165.20843505859375,2209900,0.0,0.0
2023-04-20 00:00:00-04:00,184.83999633789062,186.0399932861328,184.1999969482422,185.3300018310547,165.75396728515625,3868200,0.0,0.0
2023-04-21 00:00:00-04:00,185.99000549316406,186.3800048828125,185.1300048828125,185.41000366210938,165.8255615234375,3781800,0.0,0.0
2023-04-24 00:00:00-04:00,186.5,186.57000732421875,185.02000427246094,185.5,165.9060516357422,3540200,0.0,0.0
2023-04-25 00:00:00-04:00,186.55999755859375,190.17999267578125,186.24000549316406,189.7100067138672,169.67135620117188,6231600,0.0,0.0
2023-04-26 00:00:00-04:00,188.47999572753906,189.4199981689453,187.8699951171875,188.5399932861328,168.62493896484375,4481700,0.0,0.0
2023-04-27 00:00:00-04:00,188.17999267578125,189.9499969482422,187.50999450683594,189.69000244140625,169.6534423828125,4574500,0.0,0.0
2023-04-28 00:00:00-04:00,189.89999389648438,191.6199951171875,189.63999938964844,190.88999938964844,170.7266845703125,4608900,0.0,0.0
2023-05-01 00:00:00-04:00,190.4499969482422,192.3300018310547,190.27999877929688,191.67999267578125,171.43324279785156,3137800,0.0,0.0
2023-05-02 00:00:00-04:00,191.36000061035156,192.5,189.75,192.25,171.94305419921875,3712200,0.0,0.0
2023-05-03 00:00:00-04:00,192.5800018310547,193.25,191.77999877929688,192.17999267578125,171.8804473876953,3389600,0.0,0.0
2023-05-04 00:00:00-04:00,193.0800018310547,193.9499969482422,192.16000366210938,193.3800048828125,172.95370483398438,4267600,0.0,0.0
2023-05-05 00:00:00-04:00,192.82000732421875,194.47999572753906,192.38999938964844,194.27000427246094,173.7496795654297,4146500,0.0,0.0
2023-05-08 00:00:00-04:00,193.39999389648438,194.0,192.64999389648438,193.35000610351562,172.92684936523438,2249900,0.0,0.0
2023-05-09 00:00:00-04:00,193.86000061035156,194.6699981689453,192.7100067138672,194.13999938964844,173.63343811035156,3087600,0.0,0.0
2023-05-10 00:00:00-04:00,194.11000061035156,195.5800018310547,192.6699981689453,194.27000427246094,173.7496795654297,4352900,0.0,0.0
2023-05-11 00:00:00-04:00,194.27999877929688,195.52000427246094,193.0,195.33999633789062,174.7066650390625,3690200,0.0,0.0
2023-05-12 00:00:00-04:00,195.33999633789062,196.22000122070312,194.9499969482422,196.1199951171875,175.40428161621094,2741000,0.0,0.0
2023-05-15 00:00:00-04:00,196.57000732421875,196.8800048828125,194.0,194.27000427246094,173.7496795654297,2946400,0.0,0.0
2023-05-16 00:00:00-04:00,194.47999572753906,194.47999572753906,192.5399932861328,193.42999267578125,172.9984130859375,5803100,0.0,0.0
2023-05-17 00:00:00-04:00,193.30999755859375,193.58999633789062,190.83999633789062,192.05999755859375,171.7731170654297,4878800,0.0,0.0
2023-05-18 00:00:00-04:00,191.32000732421875,191.7100067138672,190.41000366210938,191.55999755859375,171.325927734375,3709400,0.0,0.0
2023-05-19 00:00:00-04:00,192.4600067138672,192.86000061035156,191.10000610351562,191.83999633789062,171.57632446289062,3883000,0.0,0.0
2023-05-22 00:00:00-04:00,191.19000244140625,191.38999938964844,186.41000366210938,186.63999938964844,166.92564392089844,5787000,0.0,0.0
2023-05-23 00:00:00-04:00,186.49000549316406,186.6300048828125,184.58999633789062,186.07000732421875,166.41583251953125,6382300,0.0,0.0
2023-05-24 00:00:00-04:00,186.27000427246094,186.74000549316406,184.3699951171875,184.88999938964844,165.36045837402344,3721000,0.0,0.0
2023-05-25 00:00:00-04:00,182.6999969482422,184.22000122070312,181.9499969482422,183.8000030517578,164.38560485839844,4712700,0.0,0.0
2023-05-26 00:00:00-04:00,183.7100067138672,184.25,182.39999389648438,183.5800018310547,164.1888427734375,4449300,0.0,0.0
2023-05-30 00:00:00-04:00,182.05999755859375,183.08999633789062,180.6999969482422,181.61000061035156,162.4269561767578,4331800,0.0,0.0
2023-05-31 00:00:00-04:00,182.86000061035156,184.6199951171875,181.4600067138672,182.35000610351562,163.08880615234375,20414600,0.0,0.0
2023-06-01 00:00:00-04:00,182.4199981689453,182.69000244140625,180.8000030517578,182.19000244140625,164.083984375,5277400,1.265,0.0
2023-06-02 00:00:00-04:00,182.02000427246094,184.2899932861328,181.6999969482422,184.05999755859375,165.7681121826172,4288300,0.0,0.0
2023-06-05 00:00:00-04:00,183.85000610351562,186.1699981689453,183.61000061035156,184.19000244140625,165.8852081298828,4311700,0.0,0.0
2023-06-06 00:00:00-04:00,184.97999572753906,185.1199951171875,180.42999267578125,181.55999755859375,163.51658630371094,3975600,0.0,0.0
2023-06-07 00:00:00-04:00,180.7100067138672,181.74000549316406,179.6999969482422,180.11000061035156,162.21066284179688,5162700,0.0,0.0
2023-06-08 00:00:00-04:00,179.6999969482422,182.3000030517578,179.3300018310547,182.10000610351562,164.00291442871094,4036100,0.0,0.0
2023-06-09 00:00:00-04:00,181.7100067138672,182.8300018310547,181.0,182.35000610351562,164.22805786132812,3200100,0.0,0.0
2023-06-12 00:00:00-04:00,182.49000549316406,182.72999572753906,180.69000244140625,181.89999389648438,163.82276916503906,4207100,0.0,0.0
2023-06-13 00:00:00-04:00,182.1300048828125,182.19000244140625,181.0800018310547,181.5399932861328,163.49853515625,2838700,0.0,0.0
2023-06-14 00:00:00-04:00,182.0,183.64999389648438,181.44000244140625,183.1699981689453,164.966552734375,3559300,0.0,0.0
2023-06-15 00:00:00-04:00,184.25999450683594,186.1699981689453,183.52000427246094,185.7100067138672,167.25411987304688,4326100,0.0,0.0
2023-06-16 00:00:00-04:00,186.13999938964844,187.58999633789062,185.6999969482422,186.0399932861328,167.55133056640625,8925700,0.0,0.0
2023-06-20 00:00:00-04:00,186.5399932861328,187.8699951171875,185.24000549316406,185.30999755859375,166.8938751220703,4154800,0.0,0.0
2023-06-21 00:00:00-04:00,185.72000122070312,186.8800048828125,184.19000244140625,185.42999267578125,167.00193786621094,3832400,0.0,0.0
2023-06-22 00:00:00-04:00,186.72999572753906,187.5800018310547,185.8699951171875,187.35000610351562,168.7311553955078,3185800,0.0,0.0
2023-06-23 00:00:00-04:00,188.0,188.0,185.9499969482422,186.07000732421875,167.57835388183594,7592600,0.0,0.0
2023-06-26 00:00:00-04:00,186.16000366210938,186.42999267578125,184.1199951171875,184.88999938964844,166.515625,3706100,0.0,0.0
2023-06-27 00:00:00-04:00,184.6699981689453,186.61000061035156,183.9600067138672,186.22000122070312,167.71347045898438,5763000,0.0,0.0
2023-06-28 00:00:00-04:00,186.25,186.74000549316406,183.3800048828125,183.6999969482422,165.4438934326172,5193900,0.0,0.0
2023-06-29 00:00:00-04:00,183.25,183.88999938964844,181.38999938964844,183.8800048828125,165.60598754882812,5770400,0.0,0.0
2023-06-30 00:00:00-04:00,184.0399932861328,185.52000427246094,183.8800048828125,185.22000122070312,166.8128204345703,7635100,0.0,0.0
2023-07-03 00:00:00-04:00,184.3000030517578,185.63999938964844,183.47000122070312,185.60000610351562,167.15505981445312,2389000,0.0,0.0
2023-07-05 00:00:00-04:00,185.0,186.69000244140625,184.97000122070312,186.5800018310547,168.03765869140625,5277100,0.0,0.0
2023-07-06 00:00:00-04:00,185.80999755859375,186.75,184.88999938964844,186.60000610351562,168.05569458007812,5592100,0.0,0.0
2023-07-07 00:00:00-04:00,185.82000732421875,185.8800048828125,183.02999877929688,183.0800018310547,164.88551330566406,6309900,0.0,0.0
2023-07-10 00:00:00-04:00,184.07000732421875,185.91000366210938,183.77999877929688,184.3000030517578,165.98426818847656,5508800,0.0,0.0
2023-07-11 00:00:00-04:00,184.3800048828125,184.72999572753906,182.4199981689453,183.97999572753906,165.696044921875,3914300,0.0,0.0
2023-07-12 00:00:00-04:00,183.97999572753906,184.61000061035156,182.97999572753906,183.1699981689453,164.966552734375,6080100,0.0,0.0
2023-07-13 00:00:00-04:00,185.8000030517578,188.05999755859375,183.25999450683594,187.52999877929688,168.8932647705078,8223100,0.0,0.0
2023-07-14 00:00:00-04:00,187.86000061035156,188.6300048828125,187.08999633789062,188.2100067138672,169.50567626953125,4467600,0.0,0.0
2023-07-17 00:00:00-04:00,186.33999633789062,187.00999450683594,185.4199981689453,185.6300048828125,167.18211364746094,5637400,0.0,0.0
2023-07-18 00:00:00-04:00,185.44000244140625,186.82000732421875,183.82000732421875,184.4499969482422,166.1193389892578,5684100,0.0,0.0
2023-07-19 00:00:00-04:00,185.0,186.60000610351562,184.4199981689453,186.25999450683594,167.74948120117188,4140800,0.0,0.0
2023-07-20 00:00:00-04:00,187.5,189.99000549316406,186.80999755859375,189.3000030517578,170.4873504638672,5056500,0.0,0.0
2023-07-21 00:00:00-04:00,190.11000061035156,191.47000122070312,189.3000030517578,190.16000366210938,171.2618865966797,15022100,0.0,0.0
2023-07-24 00:00:00-04:00,190.58999633789062,191.42999267578125,190.13999938964844,190.9199981689453,171.94635009765625,4225800,0.0,0.0
2023-07-25 00:00:00-04:00,190.41000366210938,192.00999450683594,190.05999755859375,191.36000061035156,172.34263610839844,3521600,0.0,0.0
2023-07-26 00:00:00-04:00,191.1199951171875,192.3800048828125,190.05999755859375,191.60000610351562,172.5587921142578,3898900,0.0,0.0
2023-07-27 00:00:00-04:00,192.0,192.2899932861328,188.39999389648438,188.52999877929688,169.79388427734375,4141800,0.0,0.0
2023-07-28 00:00:00-04:00,190.13999938964844,191.3699951171875,189.7899932861328,190.30999755859375,171.39698791503906,5602300,0.0,0.0
2023-07-31 00:00:00-04:00,189.4499969482422,189.58999633789062,186.85000610351562,187.4600067138672,168.8302459716797,5687700,0.0,0.0
2023-08-01 00:00:00-04:00,187.49000549316406,188.60000610351562,186.39999389648438,186.82000732421875,168.25381469726562,2853900,0.0,0.0
2023-08-02 00:00:00-04:00,186.58999633789062,189.97000122070312,186.39999389648438,188.30999755859375,169.59573364257812,4285900,0.0,0.0
2023-08-03 00:00:00-04:00,188.1699981689453,189.22000122070312,186.97000122070312,187.1199951171875,168.52398681640625,2857400,0.0,0.0
2023-08-04 00:00:00-04:00,187.1199951171875,188.00999450683594,184.35000610351562,184.60000610351562,166.2544708251953,4651100,0.0,0.0
2023-08-07 00:00:00-04:00,185.27999877929688,187.2100067138672,185.10000610351562,186.88999938964844,168.31689453125,3323400,0.0,0.0
2023-08-08 00:00:00-04:00,187.1999969482422,187.47999572753906,184.02999877929688,184.44000244140625,166.1103515625,5017900,0.0,0.0
2023-08-09 00:00:00-04:00,183.8800048828125,185.0,182.6300048828125,183.97999572753906,165.696044921875,4413100,0.0,0.0
2023-08-10 00:00:00-04:00,184.22000122070312,185.58999633789062,183.52999877929688,183.75,165.48890686035156,3727200,0.0,0.0
2023-08-11 00:00:00-04:00,184.0,184.27999877929688,183.27999877929688,184.0399932861328,165.75010681152344,2873800,0.0,0.0
2023-08-14 00:00:00-04:00,184.38999938964844,184.86000061035156,183.1300048828125,183.6199951171875,165.371826171875,3385600,0.0,0.0
2023-08-15 00:00:00-04:00,183.14999389648438,183.4600067138672,181.1300048828125,181.35000610351562,163.3274383544922,3331800,0.0,0.0
2023-08-16 00:00:00-04:00,181.60000610351562,182.9499969482422,180.9499969482422,181.2100067138672,163.2013702392578,2633700,0.0,0.0
2023-08-17 00:00:00-04:00,181.2100067138672,181.41000366210938,178.32000732421875,178.4499969482422,160.71560668945312,4503000,0.0,0.0
2023-08-18 00:00:00-04:00,178.4600067138672,179.5500030517578,177.27000427246094,178.17999267578125,160.47247314453125,6020300,0.0,0.0
2023-08-21 00:00:00-04:00,177.72999572753906,177.9600067138672,176.22999572753906,177.0500030517578,159.45477294921875,4284100,0.0,0.0
2023-08-22 00:00:00-04:00,176.17999267578125,176.82000732421875,175.30999755859375,175.6999969482422,158.23895263671875,3489300,0.0,0.0
2023-08-23 00:00:00-04:00,177.25,178.27999877929688,176.3699951171875,178.1199951171875,160.4184112548828,4042700,0.0,0.0
2023-08-24 00:00:00-04:00,178.00999450683594,180.44000244140625,177.10000610351562,177.17999267578125,159.5718536376953,5709800,0.0,0.0
2023-08-25 00:00:00-04:00,178.05999755859375,179.7100067138672,177.83999633789062,179.4199981689453,161.58920288085938,4710700,0.0,0.0
2023-08-28 00:00:00-04:00,180.82000732421875,181.17999267578125,179.33999633789062,180.25,162.33673095703125,3189800,0.0,0.0
2023-08-29 00:00:00-04:00,180.3000030517578,181.22000122070312,179.02000427246094,180.92999267578125,162.9491729736328,4368600,0.0,0.0
2023-08-30 00:00:00-04:00,181.4600067138672,182.25999450683594,180.72000122070312,181.0800018310547,163.0842742919922,3153400,0.0,0.0
2023-08-31 00:00:00-04:00,179.33999633789062,179.6300048828125,177.86000061035156,177.9199981689453,161.36557006835938,5566700,1.265,0.0
2023-09-01 00:00:00-04:00,178.72999572753906,178.80999755859375,174.63999938964844,175.32000732421875,159.0074920654297,4801400,0.0,0.0
2023-09-05 00:00:00-04:00,175.27000427246094,175.8800048828125,173.64999389648438,174.16000366210938,157.95542907714844,5081800,0.0,0.0
2023-09-06 00:00:00-04:00,174.9199981689453,174.99000549316406,173.47999572753906,174.72999572753906,158.47238159179688,5933800,0.0,0.0
2023-09-07 00:00:00-04:00,175.85000610351562,177.05999755859375,175.2100067138672,176.39999389648438,159.9869842529297,4934300,0.0,0.0
2023-09-08 00:00:00-04:00,175.80999755859375,177.14999389648438,175.61000061035156,176.27000427246094,159.86911010742188,2995000,0.0,0.0
2023-09-11 00:00:00-04:00,176.8300018310547,179.42999267578125,176.8300018310547,178.92999267578125,162.28160095214844,4512700,0.0,0.0
2023-09-12 00:00:00-04:00,178.74000549316406,178.9199981689453,177.8000030517578,178.27000427246094,161.6830291748047,3331100,0.0,0.0
2023-09-13 00:00:00-04:00,178.3300018310547,180.13999938964844,178.2100067138672,179.67999267578125,162.96180725097656,3781400,0.0,0.0
2023-09-14 00:00:00-04:00,179.94000244140625,181.69000244140625,179.3300018310547,181.22999572753906,164.36761474609375,4118300,0.0,0.0
2023-09-15 00:00:00-04:00,181.41000366210938,181.82000732421875,179.61000061035156,179.83999633789062,163.10691833496094,11661200,0.0,0.0
2023-09-18 00:00:00-04:00,181.0,181.0,178.42999267578125,179.3800048828125,162.68972778320312,3182600,0.0,0.0
2023-09-19 00:00:00-04:00,178.86000061035156,179.1300048828125,177.3000030517578,178.32000732421875,161.72836303710938,3369300,0.0,0.0
2023-09-20 00:00:00-04:00,179.08999633789062,179.4199981689453,177.55999755859375,178.3800048828125,161.78280639648438,3695800,0.0,0.0
2023-09-21 00:00:00-04:00,178.10000610351562,178.3300018310547,175.1300048828125,175.3800048828125,159.0619354248047,5351000,0.0,0.0
2023-09-22 00:00:00-04:00,174.94000244140625,176.38999938964844,174.3699951171875,175.27000427246094,158.96212768554688,4542300,0.0,0.0
2023-09-25 00:00:00-04:00,174.67999267578125,175.44000244140625,173.17999267578125,174.3300018310547,158.10960388183594,3553600,0.0,0.0
2023-09-26 00:00:00-04:00,173.0,173.72000122070312,171.63999938964844,172.52000427246094,156.468017578125,5213700,0.0,0.0
2023-09-27 00:00:00-04:00,172.30999755859375,172.69000244140625,169.02999877929688,169.57000732421875,153.79251098632812,5729900,0.0,0.0
2023-09-28 00:00:00-04:00,169.92999267578125,170.17999267578125,168.17999267578125,169.5,153.72900390625,4841600,0.0,0.0
2023-09-29 00:00:00-04:00,170.50999450683594,170.83999633789062,168.0399932861328,169.44000244140625,153.674560546875,5194200,0.0,0.0
2023-10-02 00:00:00-04:00,169.0800018310547,169.49000549316406,167.32000732421875,169.1699981689453,153.42971801757812,3838800,0.0,0.0
2023-10-03 00:00:00-04:00,168.86000061035156,170.0,167.02999877929688,167.6999969482422,152.09649658203125,4873400,0.0,0.0
2023-10-04 00:00:00-04:00,168.4499969482422,169.1300048828125,167.05999755859375,168.91000366210938,153.1938934326172,4134000,0.0,0.0
2023-10-05 00:00:00-04:00,168.77000427246094,168.80999755859375,159.8699951171875,160.10000610351562,145.20361328125,10556400,0.0,0.0
2023-10-06 00:00:00-04:00,158.77999877929688,160.9199981689453,155.8300018310547,160.2899932861328,145.37594604492188,12774700,0.0,0.0
2023-10-09 00:00:00-04:00,160.0,161.4199981689453,158.63999938964844,161.36000061035156,146.3463897705078,7244500,0.0,0.0
2023-10-10 00:00:00-04:00,164.25,165.17999267578125,162.02999877929688,164.39999389648438,149.10350036621094,11456400,0.0,0.0
2023-10-11 00:00:00-04:00,165.00999450683594,165.44000244140625,161.60000610351562,162.6199951171875,147.48916625976562,7371500,0.0,0.0
2023-10-12 00:00:00-04:00,162.60000610351562,162.64999389648438,157.42999267578125,158.0800018310547,143.37156677246094,9024100,0.0,0.0
2023-10-13 00:00:00-04:00,158.6199951171875,160.24000549316406,157.9499969482422,160.0,145.11294555664062,6757100,0.0,0.0
2023-10-16 00:00:00-04:00,161.0,161.9499969482422,159.8000030517578,161.0800018310547,146.09243774414062,5605000,0.0,0.0
2023-10-17 00:00:00-04:00,160.0,161.6300048828125,159.16000366210938,160.3699951171875,145.44850158691406,6411300,0.0,0.0
2023-10-18 00:00:00-04:00,161.02000427246094,163.39999389648438,160.8699951171875,162.02999877929688,146.95407104492188,6650600,0.0,0.0
2023-10-19 00:00:00-04:00,161.89999389648438,162.72000122070312,160.41000366210938,160.55999755859375,145.62081909179688,6336800,0.0,0.0
2023-10-20 00:00:00-04:00,161.3699951171875,162.22999572753906,159.7100067138672,160.0,145.11294555664062,5486500,0.0,0.0
2023-10-23 00:00:00-04:00,159.60000610351562,161.60000610351562,159.05999755859375,160.0800018310547,145.1855010986328,5795800,0.0,0.0
2023-10-24 00:00:00-04:00,160.41000366210938,162.85000610351562,159.67999267578125,162.19000244140625,147.09918212890625,5265200,0.0,0.0
2023-10-25 00:00:00-04:00,162.0500030517578,163.5,161.47000122070312,162.35000610351562,147.2443084716797,4534600,0.0,0.0
2023-10-26 00:00:00-04:00,162.67999267578125,163.36000061035156,161.3000030517578,161.41000366210938,146.3917236328125,5147000,0.0,0.0
2023-10-27 00:00:00-04:00,162.02000427246094,162.13999938964844,158.88999938964844,159.6199951171875,144.76829528808594,5078000,0.0,0.0
2023-10-30 00:00:00-04:00,161.3000030517578,162.5800018310547,160.74000549316406,162.27999877929688,147.18077087402344,4625900,0.0,0.0
2023-10-31 00:00:00-04:00,162.9499969482422,163.35000610351562,161.66000366210938,163.27999877929688,148.0877685546875,5947400,0.0,0.0
2023-11-01 00:00:00-04:00,163.6699981689453,165.42999267578125,162.75999450683594,164.8699951171875,149.5298309326172,6682500,0.0,0.0
2023-11-02 00:00:00-04:00,164.74000549316406,167.16000366210938,164.6699981689453,166.8300018310547,151.3074493408203,5413400,0.0,0.0
2023-11-03 00:00:00-04:00,168.67999267578125,168.80999755859375,166.69000244140625,166.7899932861328,151.27113342285156,4063300,0.0,0.0
2023-11-06 00:00:00-05:00,165.4600067138672,167.5,165.2100067138672,166.6999969482422,151.1895294189453,5784600,0.0,0.0
2023-11-07 00:00:00-05:00,166.8000030517578,167.7100067138672,166.1199951171875,167.17999267578125,151.62486267089844,4687200,0.0,0.0
2023-11-08 00:00:00-05:00,168.1699981689453,168.33999633789062,166.66000366210938,167.38999938964844,151.81529235839844,4926600,0.0,0.0
2023-11-09 00:00:00-05:00,167.5800018310547,167.86000061035156,165.80999755859375,166.16000366210938,150.6997833251953,5639300,0.0,0.0
2023-11-10 00:00:00-05:00,167.30999755859375,167.77999877929688,164.86000061035156,166.9199981689453,151.38905334472656,5552900,0.0,0.0
2023-11-13 00:00:00-05:00,167.0,168.77999877929688,166.4600067138672,167.77000427246094,152.1599578857422,5402300,0.0,0.0
2023-11-14 00:00:00-05:00,167.9499969482422,168.44000244140625,166.88999938964844,168.11000061035156,152.46835327148438,6238900,0.0,0.0
2023-11-15 00:00:00-05:00,168.6999969482422,168.7899932861328,166.27000427246094,167.25,151.68836975097656,5611200,0.0,0.0
2023-11-16 00:00:00-05:00,168.38999938964844,170.0,166.39999389648438,167.7100067138672,152.10557556152344,5386400,0.0,0.0
2023-11-17 00:00:00-05:00,168.0500030517578,168.25,165.77000427246094,166.75999450683594,151.2439422607422,5583100,0.0,0.0
2023-11-20 00:00:00-05:00,166.0,166.77000427246094,165.72000122070312,166.52000427246094,151.0262908935547,4886200,0.0,0.0
2023-11-21 00:00:00-05:00,167.11000061035156,167.86000061035156,165.9199981689453,167.8000030517578,152.1871795654297,3980000,0.0,0.0
2023-11-22 00:00:00-05:00,168.35000610351562,169.57000732421875,168.3000030517578,169.22000122070312,153.4750518798828,3235600,0.0,0.0
2023-11-24 00:00:00-05:00,168.9499969482422,170.02000427246094,168.9499969482422,169.3699951171875,153.61111450195312,1751700,0.0,0.0
2023-11-27 00:00:00-05:00,169.6999969482422,169.6999969482422,168.08999633789062,168.32000732421875,152.6588134765625,3664700,0.0,0.0
2023-11-28 00:00:00-05:00,168.3800048828125,169.75999450683594,168.02000427246094,168.86000061035156,153.14854431152344,4056100,0.0,0.0
2023-11-29 00:00:00-05:00,169.10000610351562,169.1199951171875,166.64999389648438,167.16000366210938,151.60671997070312,4722400,0.0,0.0
2023-11-30 00:00:00-05:00,166.11000061035156,168.36000061035156,164.82000732421875,168.2899932861328,153.79547119140625,7346700,1.265,0.0
2023-12-01 00:00:00-05:00,168.3699951171875,168.85000610351562,167.3800048828125,168.69000244140625,154.16099548339844,4897400,0.0,0.0
2023-12-04 00:00:00-05:00,168.39999389648438,169.9199981689453,168.19000244140625,169.13999938964844,154.57225036621094,5323300,0.0,0.0
2023-12-05 00:00:00-05:00,169.14999389648438,169.57000732421875,167.7100067138672,167.94000244140625,153.47560119628906,4553800,0.0,0.0
2023-12-06 00:00:00-05:00,167.97999572753906,168.32000732421875,166.72999572753906,167.50999450683594,153.08261108398438,4726600,0.0,0.0
2023-12-07 00:00:00-05:00,168.0,168.3000030517578,166.6999969482422,167.4600067138672,153.0369415283203,4934800,0.0,0.0
2023-12-08 00:00:00-05:00,167.0399932861328,167.1199951171875,165.27000427246094,165.67999267578125,151.41024780273438,5115200,0.0,0.0
2023-12-11 00:00:00-05:00,167.44000244140625,168.1300048828125,166.4600067138672,167.82000732421875,153.36595153808594,6912600,0.0,0.0
2023-12-12 00:00:00-05:00,169.27999877929688,169.27999877929688,167.7100067138672,168.47000122070312,153.95994567871094,4515800,0.0,0.0
2023-12-13 00:00:00-05:00,168.5399932861328,172.0500030517578,168.1199951171875,172.00999450683594,157.19505310058594,6082100,0.0,0.0
2023-12-14 00:00:00-05:00,171.64999389648438,171.97000122070312,167.94000244140625,168.25,153.7589111328125,7119300,0.0,0.0
2023-12-15 00:00:00-05:00,167.4499969482422,168.50999450683594,166.4499969482422,167.0,152.61656188964844,17734600,0.0,0.0
2023-12-18 00:00:00-05:00,168.05999755859375,170.25,167.41000366210938,168.91000366210938,154.362060546875,5439500,0.0,0.0
2023-12-19 00:00:00-05:00,167.94000244140625,168.8300018310547,167.30999755859375,167.9499969482422,153.48472595214844,4855900,0.0,0.0
2023-12-20 00:00:00-05:00,166.50999450683594,167.47000122070312,165.6699981689453,165.69000244140625,151.4193878173828,5157800,0.0,0.0
2023-12-21 00:00:00-05:00,166.5,167.10000610351562,165.38999938964844,166.97000122070312,152.58912658691406,4374000,0.0,0.0
2023-12-22 00:00:00-05:00,167.36000061035156,168.1699981689453,166.86000061035156,167.67999267578125,153.23797607421875,3030400,0.0,0.0
2023-12-26 00:00:00-05:00,167.64999389648438,169.4199981689453,167.25,168.86000061035156,154.3163604736328,2779200,0.0,0.0
2023-12-27 00:00:00-05:00,168.89999389648438,169.49000549316406,168.36000061035156,169.39999389648438,154.8098602294922,3502500,0.0,0.0
2023-12-28 00:00:00-05:00,169.39999389648438,169.5399932861328,168.6999969482422,169.38999938964844,154.80072021484375,2911100,0.0,0.0
2023-12-29 00:00:00-05:00,169.33999633789062,170.07000732421875,169.1699981689453,169.83999633789062,155.21194458007812,3291500,0.0,0.0
2024-01-02 00:00:00-05:00,169.52000427246094,172.99000549316406,169.19000244140625,172.91000366210938,158.01756286621094,5743100,0.0,0.0
2024-01-03 00:00:00-05:00,175.0,175.1999969482422,172.6999969482422,172.9499969482422,158.05409240722656,5588200,0.0,0.0
2024-01-04 00:00:00-05:00,171.61000061035156,173.52999877929688,170.5800018310547,171.47000122070312,156.70156860351562,6283200,0.0,0.0
2024-01-05 00:00:00-05:00,171.57000732421875,171.57000732421875,167.55999755859375,168.94000244140625,154.3894500732422,5252500,0.0,0.0
2024-01-08 00:00:00-05:00,168.94000244140625,169.72999572753906,167.7899932861328,169.11000061035156,154.54481506347656,5735600,0.0,0.0
2024-01-09 00:00:00-05:00,167.7899932861328,167.88999938964844,165.92999267578125,167.1699981689453,152.77191162109375,6268800,0.0,0.0
2024-01-10 00:00:00-05:00,166.58999633789062,167.9600067138672,166.1999969482422,166.9199981689453,152.54344177246094,4394900,0.0,0.0
2024-01-11 00:00:00-05:00,167.13999938964844,167.13999938964844,164.82000732421875,166.1300048828125,151.82151794433594,4800700,0.0,0.0
2024-01-12 00:00:00-05:00,166.33999633789062,167.3800048828125,165.57000732421875,167.27000427246094,152.86331176757812,3546100,0.0,0.0
2024-01-16 00:00:00-05:00,167.27000427246094,167.52000427246094,165.19000244140625,166.1699981689453,151.85806274414062,4576600,0.0,0.0
2024-01-17 00:00:00-05:00,165.99000549316406,166.72999572753906,165.44000244140625,166.44000244140625,152.1047821044922,4392300,0.0,0.0
2024-01-18 00:00:00-05:00,165.47000122070312,167.27999877929688,164.99000549316406,167.1699981689453,152.77191162109375,4709400,0.0,0.0
2024-01-19 00:00:00-05:00,167.13999938964844,167.24000549316406,165.57000732421875,165.77999877929688,151.5016326904297,6528600,0.0,0.0
2024-01-22 00:00:00-05:00,165.9600067138672,166.7100067138672,165.02000427246094,165.11000061035156,150.88934326171875,5697400,0.0,0.0
2024-01-23 00:00:00-05:00,164.55999755859375,167.92999267578125,164.36000061035156,167.63999938964844,153.20144653320312,4932700,0.0,0.0
2024-01-24 00:00:00-05:00,167.63999938964844,167.74000549316406,165.52000427246094,165.60000610351562,151.337158203125,4984700,0.0,0.0
2024-01-25 00:00:00-05:00,165.80999755859375,166.60000610351562,164.94000244140625,166.55999755859375,152.21444702148438,5373800,0.0,0.0
2024-01-26 00:00:00-05:00,166.60000610351562,168.02999877929688,166.60000610351562,167.86000061035156,153.40249633789062,4849000,0.0,0.0
2024-01-29 00:00:00-05:00,167.52999877929688,168.6999969482422,167.38999938964844,168.14999389648438,153.66749572753906,5713600,0.0,0.0
2024-01-30 00:00:00-05:00,167.6699981689453,169.6999969482422,167.32000732421875,169.6199951171875,155.0109100341797,4804200,0.0,0.0
2024-01-31 00:00:00-05:00,169.9600067138672,170.3800048828125,167.8800048828125,168.52999877929688,154.01478576660156,5769200,0.0,0.0
2024-02-01 00:00:00-05:00,168.52999877929688,171.8000030517578,167.1699981689453,171.6999969482422,156.91175842285156,4920800,0.0,0.0
2024-02-02 00:00:00-05:00,171.24000549316406,171.9600067138672,170.10000610351562,170.97000122070312,156.24462890625,5307700,0.0,0.0
2024-02-05 00:00:00-05:00,170.5500030517578,171.5800018310547,169.0500030517578,170.9199981689453,156.19894409179688,5142700,0.0,0.0
2024-02-06 00:00:00-05:00,171.4499969482422,171.8300018310547,169.94000244140625,171.4199981689453,156.65586853027344,5182700,0.0,0.0
2024-02-07 00:00:00-05:00,172.6300048828125,172.89999389648438,171.3800048828125,171.47000122070312,156.70156860351562,5769700,0.0,0.0
2024-02-08 00:00:00-05:00,171.72000122070312,174.10000610351562,171.41000366210938,173.85000610351562,158.8765869140625,9269700,0.0,0.0
2024-02-09 00:00:00-05:00,171.1999969482422,171.38999938964844,166.97000122070312,167.6699981689453,153.22885131835938,12731700,0.0,0.0
2024-02-12 00:00:00-05:00,167.86000061035156,171.07000732421875,167.1999969482422,170.61000061035156,155.9156494140625,7867500,0.0,0.0
2024-02-13 00:00:00-05:00,171.22000122070312,171.4499969482422,167.24000549316406,168.8800048828125,154.3346405029297,7302000,0.0,0.0
2024-02-14 00:00:00-05:00,168.33999633789062,168.63999938964844,166.05999755859375,167.52000427246094,153.09178161621094,5731900,0.0,0.0
2024-02-15 00:00:00-05:00,167.9499969482422,168.3699951171875,166.67999267578125,167.86000061035156,153.40249633789062,4451400,0.0,0.0
2024-02-16 00:00:00-05:00,167.2100067138672,167.41000366210938,165.67999267578125,166.32000732421875,151.99513244628906,5246000,0.0,0.0
2024-02-20 00:00:00-05:00,167.74000549316406,169.52000427246094,167.19000244140625,168.64999389648438,154.12445068359375,6117900,0.0,0.0
2024-02-21 00:00:00-05:00,169.9499969482422,170.17999267578125,167.86000061035156,168.8300018310547,154.28892517089844,4192600,0.0,0.0
2024-02-22 00:00:00-05:00,167.63999938964844,168.8300018310547,166.10000610351562,168.25,153.7589111328125,7539200,0.0,0.0
2024-02-23 00:00:00-05:00,167.94000244140625,170.25,167.8000030517578,169.60000610351562,154.99261474609375,6409800,0.0,0.0
2024-02-26 00:00:00-05:00,169.4199981689453,169.4199981689453,167.7100067138672,168.25999450683594,153.7680206298828,3837000,0.0,0.0
2024-02-27 00:00:00-05:00,167.82000732421875,168.22000122070312,167.35000610351562,168.16000366210938,153.67665100097656,3567600,0.0,0.0
2024-02-28 00:00:00-05:00,168.1199951171875,168.5,166.4499969482422,167.02999877929688,152.64401245117188,5275300,0.0,0.0
2024-02-29 00:00:00-05:00,166.2100067138672,166.67999267578125,164.91000366210938,165.33999633789062,152.25262451171875,8489400,1.265,0.0
2024-03-01 00:00:00-05:00,164.86000061035156,165.0,163.25,164.58999633789062,151.56198120117188,6109900,0.0,0.0
2024-03-04 00:00:00-05:00,164.4499969482422,165.64999389648438,163.60000610351562,165.3699951171875,152.2802276611328,4303700,0.0,0.0
2024-03-05 00:00:00-05:00,165.22000122070312,165.5,161.80999755859375,162.0399932861328,149.2138214111328,6631300,0.0,0.0
2024-03-06 00:00:00-05:00,162.05999755859375,163.99000549316406,162.0399932861328,163.0,150.0978546142578,5302500,0.0,0.0
2024-03-07 00:00:00-05:00,163.82000732421875,163.89999389648438,162.5,163.11000061035156,150.19911193847656,5801600,0.0,0.0
2024-03-08 00:00:00-05:00,162.32000732421875,164.1999969482422,162.08999633789062,163.0500030517578,150.14389038085938,6065300,0.0,0.0
2024-03-11 00:00:00-04:00,163.9199981689453,165.4199981689453,163.30999755859375,164.72999572753906,151.69088745117188,5404800,0.0,0.0
2024-03-12 00:00:00-04:00,165.13999938964844,165.4199981689453,163.9600067138672,164.5399932861328,151.5159454345703,6158500,0.0,0.0
2024-03-13 00:00:00-04:00,165.10000610351562,166.13999938964844,164.74000549316406,165.3000030517578,152.2157745361328,4585800,0.0,0.0
2024-03-14 00:00:00-04:00,166.25999450683594,166.25999450683594,164.1999969482422,164.77999877929688,151.7369384765625,5155300,0.0,0.0
2024-03-15 00:00:00-04:00,165.05999755859375,165.3800048828125,163.63999938964844,164.66000366210938,151.62644958496094,21887300,0.0,0.0
2024-03-18 00:00:00-04:00,167.0500030517578,172.17999267578125,166.9499969482422,171.25999450683594,157.7040252685547,10478500,0.0,0.0
2024-03-19 00:00:00-04:00,171.10000610351562,172.64999389648438,171.0,171.8000030517578,158.20126342773438,7653700,0.0,0.0
2024-03-20 00:00:00-04:00,172.3000030517578,173.10000610351562,171.1199951171875,171.86000061035156,158.2565460205078,5046700,0.0,0.0
2024-03-21 00:00:00-04:00,171.9199981689453,173.4199981689453,171.0500030517578,172.4499969482422,158.79981994628906,4343000,0.0,0.0
2024-03-22 00:00:00-04:00,173.02000427246094,173.10000610351562,171.75999450683594,172.02000427246094,158.40383911132812,4106400,0.0,0.0
2024-03-25 00:00:00-04:00,172.1999969482422,173.08999633789062,172.11000061035156,172.60000610351562,158.93797302246094,3941900,0.0,0.0
2024-03-26 00:00:00-04:00,172.1699981689453,172.97000122070312,171.82000732421875,172.72999572753906,159.0576629638672,4593000,0.0,0.0
2024-03-27 00:00:00-04:00,174.0,174.69000244140625,173.0500030517578,173.57000732421875,159.83119201660156,4911300,0.0,0.0
2024-03-28 00:00:00-04:00,174.75999450683594,175.80999755859375,174.3699951171875,175.00999450683594,161.15719604492188,5710400,0.0,0.0
2024-04-01 00:00:00-04:00,175.57000732421875,176.22999572753906,172.64999389648438,172.97999572753906,159.2878875732422,4815400,0.0,0.0
2024-04-02 00:00:00-04:00,172.94000244140625,173.8699951171875,171.36000061035156,171.44000244140625,157.86978149414062,5158500,0.0,0.0
2024-04-03 00:00:00-04:00,170.0,170.9199981689453,168.6999969482422,169.67999267578125,156.24908447265625,5828000,0.0,0.0
2024-04-04 00:00:00-04:00,170.9199981689453,171.77999877929688,169.3300018310547,169.64999389648438,156.22146606445312,5422600,0.0,0.0
2024-04-05 00:00:00-04:00,169.39999389648438,169.97000122070312,168.07000732421875,169.13999938964844,155.7518310546875,4412200,0.0,0.0
2024-04-08 00:00:00-04:00,169.14999389648438,170.0500030517578,168.74000549316406,169.5800018310547,156.15701293945312,3755700,0.0,0.0
2024-04-09 00:00:00-04:00,170.22999572753906,170.72000122070312,168.72999572753906,170.61000061035156,157.10548400878906,3773900,0.0,0.0
2024-04-10 00:00:00-04:00,169.57000732421875,169.6300048828125,167.77000427246094,168.9499969482422,155.57688903808594,4581500,0.0,0.0
2024-04-11 00:00:00-04:00,169.6199951171875,169.8699951171875,167.77000427246094,168.36000061035156,155.03355407714844,4241500,0.0,0.0
2024-04-12 00:00:00-04:00,167.69000244140625,168.50999450683594,167.32000732421875,168.10000610351562,154.7941436767578,5453500,0.0,0.0
2024-04-15 00:00:00-04:00,169.2100067138672,169.35000610351562,166.02999877929688,166.9499969482422,153.73516845703125,5133200,0.0,0.0
2024-04-16 00:00:00-04:00,167.02999877929688,168.50999450683594,166.88999938964844,167.5,154.24163818359375,4569700,0.0,0.0
2024-04-17 00:00:00-04:00,169.08999633789062,169.6999969482422,168.2100067138672,169.47999572753906,156.06492614746094,4069200,0.0,0.0
2024-04-18 00:00:00-04:00,170.10000610351562,172.67999267578125,170.10000610351562,172.27000427246094,158.6340789794922,5574700,0.0,0.0
2024-04-19 00:00:00-04:00,172.27999877929688,174.27000427246094,171.8000030517578,174.1300048828125,160.3468475341797,6636700,0.0,0.0
2024-04-22 00:00:00-04:00,174.41000366210938,177.1999969482422,174.02999877929688,176.4600067138672,162.492431640625,7288700,0.0,0.0
2024-04-23 00:00:00-04:00,174.6999969482422,174.8800048828125,170.13999938964844,171.22000122070312,157.66720581054688,9145000,0.0,0.0
2024-04-24 00:00:00-04:00,168.5,178.08999633789062,167.64999389648438,177.41000366210938,163.3672332763672,10016700,0.0,0.0
2024-04-25 00:00:00-04:00,178.27999877929688,180.6300048828125,175.82000732421875,176.67999267578125,162.69497680664062,7441500,0.0,0.0
2024-04-26 00:00:00-04:00,174.44000244140625,178.57000732421875,174.33999633789062,175.5800018310547,161.68209838867188,4472100,0.0,0.0
2024-04-29 00:00:00-04:00,175.5,176.32000732421875,175.02000427246094,176.13999938964844,162.19776916503906,3224500,0.0,0.0
2024-04-30 00:00:00-04:00,176.27000427246094,176.47000122070312,174.83999633789062,175.91000366210938,161.98594665527344,4465100,0.0,0.0
2024-05-01 00:00:00-04:00,175.4600067138672,176.22999572753906,173.66000366210938,175.14999389648438,161.28610229492188,4340500,0.0,0.0
2024-05-02 00:00:00-04:00,175.5800018310547,176.32000732421875,174.5500030517578,175.4499969482422,161.56234741210938,3964800,0.0,0.0
2024-05-03 00:00:00-04:00,175.8000030517578,176.49000549316406,175.0,176.14999389648438,162.20697021484375,3491900,0.0,0.0
2024-05-06 00:00:00-04:00,176.75999450683594,176.75999450683594,175.1300048828125,175.82000732421875,161.90310668945312,3576200,0.0,0.0
2024-05-07 00:00:00-04:00,177.0,178.14999389648438,176.50999450683594,178.02000427246094,163.92893981933594,3708000,0.0,0.0
2024-05-08 00:00:00-04:00,178.7100067138672,178.8800048828125,177.19000244140625,177.41000366210938,163.3672332763672,3400900,0.0,0.0
2024-05-09 00:00:00-04:00,177.25999450683594,178.42999267578125,177.08999633789062,178.05999755859375,163.9657745361328,2421400,0.0,0.0
2024-05-10 00:00:00-04:00,177.9499969482422,180.16000366210938,177.61000061035156,179.7899932861328,165.558837890625,4201600,0.0,0.0
2024-05-13 00:00:00-04:00,180.50999450683594,181.35000610351562,179.85000610351562,180.89999389648438,166.58094787597656,4408100,0.0,0.0
2024-05-14 00:00:00-04:00,181.0500030517578,181.27999877929688,178.60000610351562,179.8699951171875,165.63250732421875,3508600,0.0,0.0
2024-05-15 00:00:00-04:00,179.24000549316406,180.39999389648438,179.0,179.4600067138672,165.25497436523438,4785100,0.0,0.0
2024-05-16 00:00:00-04:00,179.6300048828125,183.41000366210938,179.4600067138672,183.11000061035156,168.61605834960938,5984700,0.0,0.0
2024-05-17 00:00:00-04:00,182.58999633789062,182.9600067138672,181.8300018310547,182.19000244140625,167.7688751220703,4449100,0.0,0.0
2024-05-20 00:00:00-04:00,182.08999633789062,182.1300048828125,179.91000366210938,180.30999755859375,166.0376739501953,3221100,0.0,0.0
2024-05-21 00:00:00-04:00,181.5,181.5800018310547,179.8000030517578,181.0800018310547,166.74671936035156,3288100,0.0,0.0
2024-05-22 00:00:00-04:00,180.4499969482422,182.1300048828125,179.97999572753906,182.08999633789062,167.6768035888672,4047000,0.0,0.0
2024-05-23 00:00:00-04:00,181.3300018310547,181.88999938964844,179.0399932861328,179.27000427246094,165.0800018310547,4009000,0.0,0.0
2024-05-24 00:00:00-04:00,179.3699951171875,179.4199981689453,177.8699951171875,177.99000549316406,163.9013214111328,3447400,0.0,0.0
2024-05-28 00:00:00-04:00,176.22999572753906,176.27999877929688,171.89999389648438,173.3800048828125,159.6562042236328,6178100,0.0,0.0
2024-05-29 00:00:00-04:00,172.42999267578125,173.17999267578125,170.72000122070312,171.14999389648438,157.60272216796875,5352100,0.0,0.0
2024-05-30 00:00:00-04:00,171.35000610351562,171.7100067138672,170.39999389648438,170.47999572753906,156.9857635498047,3903100,0.0,0.0
2024-05-31 00:00:00-04:00,169.88999938964844,172.97000122070312,169.52000427246094,172.89999389648438,159.21421813964844,8155600,0.0,0.0
2024-06-03 00:00:00-04:00,172.72000122070312,172.89999389648438,171.02999877929688,171.22999572753906,157.67642211914062,5032400,0.0,0.0
2024-06-04 00:00:00-04:00,171.2100067138672,174.38999938964844,170.82000732421875,173.88999938964844,160.12583923339844,4619100,0.0,0.0
2024-06-05 00:00:00-04:00,173.83999633789062,173.97000122070312,171.9600067138672,173.49000549316406,159.7575225830078,5370700,0.0,0.0
2024-06-06 00:00:00-04:00,174.0,174.39999389648438,172.67999267578125,173.1999969482422,159.49046325683594,5536700,0.0,0.0
2024-06-07 00:00:00-04:00,171.5,172.50999450683594,170.75,171.0399932861328,158.74334716796875,3521100,1.355,0.0
2024-06-10 00:00:00-04:00,170.11000061035156,170.3699951171875,165.6199951171875,165.89999389648438,153.9728546142578,9429400,0.0,0.0
2024-06-11 00:00:00-04:00,164.8699951171875,165.4600067138672,163.50999450683594,165.07000732421875,153.20254516601562,8284500,0.0,0.0
2024-06-12 00:00:00-04:00,164.8800048828125,165.3300018310547,162.44000244140625,163.8300018310547,152.05172729492188,6281100,0.0,0.0
2024-06-13 00:00:00-04:00,162.0800018310547,163.55999755859375,161.5399932861328,163.3300018310547,151.58763122558594,5432600,0.0,0.0
2024-06-14 00:00:00-04:00,163.1300048828125,164.38999938964844,162.52999877929688,163.80999755859375,152.03314208984375,3603300,0.0,0.0
2024-06-17 00:00:00-04:00,163.49000549316406,166.41000366210938,162.7899932861328,166.13999938964844,154.1956024169922,5412200,0.0,0.0
2024-06-18 00:00:00-04:00,166.10000610351562,167.07000732421875,165.25,166.47999572753906,154.51116943359375,3519500,0.0,0.0
2024-06-20 00:00:00-04:00,165.72999572753906,167.63999938964844,165.72999572753906,166.67999267578125,154.69677734375,4942400,0.0,0.0
2024-06-21 00:00:00-04:00,167.2100067138672,169.07000732421875,166.4499969482422,167.27999877929688,155.253662109375,10899100,0.0,0.0
2024-06-24 00:00:00-04:00,167.5,169.61000061035156,167.08999633789062,168.0800018310547,155.99615478515625,4476900,0.0,0.0
2024-06-25 00:00:00-04:00,168.0800018310547,168.9600067138672,167.25,167.35000610351562,155.31863403320312,4217300,0.0,0.0
2024-06-26 00:00:00-04:00,165.88999938964844,167.00999450683594,164.85000610351562,166.74000549316406,154.75250244140625,4778300,0.0,0.0
2024-06-27 00:00:00-04:00,166.6300048828125,167.25,165.27000427246094,166.25999450683594,154.30699157714844,4326500,0.0,0.0
2024-06-28 00:00:00-04:00,165.3000030517578,166.22000122070312,164.6199951171875,164.92999267578125,153.07260131835938,8755900,0.0,0.0
2024-07-01 00:00:00-04:00,165.0399932861328,166.05999755859375,162.5800018310547,162.88999938964844,151.17926025390625,4508000,0.0,0.0
2024-07-02 00:00:00-04:00,163.5,164.47000122070312,162.32000732421875,163.5800018310547,151.81967163085938,4650800,0.0,0.0
2024-07-03 00:00:00-04:00,162.9199981689453,164.1300048828125,161.9600067138672,162.60000610351562,150.91012573242188,2879600,0.0,0.0
2024-07-05 00:00:00-04:00,162.63999938964844,164.52000427246094,162.47000122070312,164.38999938964844,152.57142639160156,4208200,0.0,0.0
2024-07-08 00:00:00-04:00,163.05999755859375,163.75,161.9199981689453,162.1199951171875,150.46463012695312,5268800,0.0,0.0
2024-07-09 00:00:00-04:00,162.19000244140625,162.55999755859375,161.5,161.89999389648438,150.26043701171875,5801200,0.0,0.0
2024-07-10 00:00:00-04:00,161.83999633789062,163.77000427246094,160.66000366210938,163.58999633789062,151.8289337158203,7372300,0.0,0.0
2024-07-11 00:00:00-04:00,159.10000610351562,164.88999938964844,158.02999877929688,163.9499969482422,152.16307067871094,10258600,0.0,0.0
2024-07-12 00:00:00-04:00,164.9600067138672,168.02999877929688,164.9600067138672,166.3800048828125,154.41836547851562,6677000,0.0,0.0
2024-07-15 00:00:00-04:00,166.00999450683594,166.3000030517578,163.64999389648438,163.86000061035156,152.0795440673828,4551800,0.0,0.0
2024-07-16 00:00:00-04:00,163.41000366210938,165.0399932861328,162.83999633789062,164.75999450683594,152.91482543945312,4461700,0.0,0.0
2024-07-17 00:00:00-04:00,166.0399932861328,170.07000732421875,165.88999938964844,169.88999938964844,157.67599487304688,7671000,0.0,0.0
2024-07-18 00:00:00-04:00,168.7100067138672,172.6699981689453,168.38999938964844,170.3699951171875,158.1215057373047,6228600,0.0,0.0
2024-07-19 00:00:00-04:00,170.27999877929688,170.49000549316406,168.47000122070312,169.36000061035156,157.1841278076172,5332800,0.0,0.0
2024-07-22 00:00:00-04:00,169.25999450683594,169.7100067138672,167.35000610351562,167.66000366210938,155.6063690185547,5308400,0.0,0.0
2024-07-23 00:00:00-04:00,167.7899932861328,168.36000061035156,166.17999267578125,166.27999877929688,154.32554626464844,3344300,0.0,0.0
2024-07-24 00:00:00-04:00,166.27999877929688,168.6699981689453,164.9499969482422,168.1699981689453,156.0796661376953,5867000,0.0,0.0
2024-07-25 00:00:00-04:00,169.49000549316406,173.49000549316406,168.86000061035156,171.02000427246094,158.72479248046875,6270900,0.0,0.0
2024-07-26 00:00:00-04:00,170.72999572753906,172.75999450683594,170.72999572753906,172.75,160.3303985595703,5746300,0.0,0.0
2024-07-29 00:00:00-04:00,172.2899932861328,173.49000549316406,170.85000610351562,173.2100067138672,160.75733947753906,4152700,0.0,0.0
2024-07-30 00:00:00-04:00,172.69000244140625,173.4499969482422,171.5500030517578,173.17999267578125,160.7294921875,4994600,0.0,0.0
2024-07-31 00:00:00-04:00,173.9199981689453,174.69000244140625,172.25999450683594,172.6699981689453,160.2561492919922,6245600,0.0,0.0
2024-08-01 00:00:00-04:00,172.52999877929688,175.55999755859375,172.5,174.9600067138672,162.38150024414062,5994500,0.0,0.0
2024-08-02 00:00:00-04:00,178.83999633789062,179.9499969482422,173.83999633789062,178.0399932861328,165.24008178710938,6856100,0.0,0.0
2024-08-05 00:00:00-04:00,179.52000427246094,180.91000366210938,173.16000366210938,174.0399932861328,161.52764892578125,7502300,0.0,0.0
2024-08-06 00:00:00-04:00,173.27999877929688,176.2100067138672,172.36000061035156,172.49000549316406,160.08909606933594,7287100,0.0,0.0
2024-08-07 00:00:00-04:00,171.6199951171875,174.38999938964844,171.3300018310547,171.7899932861328,159.4394073486328,5428900,0.0,0.0
2024-08-08 00:00:00-04:00,170.2100067138672,173.0,169.80999755859375,172.3699951171875,159.9777069091797,5112500,0.0,0.0
2024-08-09 00:00:00-04:00,172.08999633789062,172.77999877929688,170.38999938964844,172.38999938964844,159.99627685546875,3223000,0.0,0.0
2024-08-12 00:00:00-04:00,172.24000549316406,172.8699951171875,170.7100067138672,171.4199981689453,159.09600830078125,3802300,0.0,0.0
2024-08-13 00:00:00-04:00,171.6199951171875,172.4199981689453,170.22000122070312,172.3699951171875,159.9777069091797,3894700,0.0,0.0
2024-08-14 00:00:00-04:00,172.22999572753906,174.33999633789062,171.92999267578125,173.7100067138672,161.2213897705078,3555800,0.0,0.0
2024-08-15 00:00:00-04:00,173.7100067138672,174.3000030517578,171.8300018310547,172.52000427246094,160.116943359375,4472100,0.0,0.0
2024-08-16 00:00:00-04:00,172.52000427246094,172.77999877929688,171.11000061035156,172.6199951171875,160.2097625732422,4614600,0.0,0.0
2024-08-19 00:00:00-04:00,172.66000366210938,173.97999572753906,172.44000244140625,173.82000732421875,161.323486328125,3521700,0.0,0.0
2024-08-20 00:00:00-04:00,173.52999877929688,176.02999877929688,172.5,175.85000610351562,163.20755004882812,5330100,0.0,0.0
2024-08-21 00:00:00-04:00,175.94000244140625,176.82000732421875,174.6199951171875,175.2100067138672,162.61354064941406,4020700,0.0,0.0
2024-08-22 00:00:00-04:00,175.8300018310547,176.0800018310547,174.6999969482422,175.74000549316406,163.10545349121094,5265900,0.0,0.0
2024-08-23 00:00:00-04:00,176.6300048828125,176.67999267578125,173.6699981689453,175.8699951171875,163.22610473632812,5283600,0.0,0.0
2024-08-26 00:00:00-04:00,176.32000732421875,176.83999633789062,175.72999572753906,175.97000122070312,163.3189239501953,4146700,0.0,0.0
2024-08-27 00:00:00-04:00,176.30999755859375,176.8800048828125,174.52000427246094,175.3000030517578,162.69708251953125,3520600,0.0,0.0
2024-08-28 00:00:00-04:00,175.5500030517578,175.74000549316406,173.35000610351562,173.9199981689453,161.41627502441406,3915500,0.0,0.0
2024-08-29 00:00:00-04:00,173.75999450683594,173.9600067138672,171.91000366210938,172.08999633789062,159.7178497314453,4654300,0.0,0.0
2024-08-30 00:00:00-04:00,172.05999755859375,173.55999755859375,171.25,172.8800048828125,160.45106506347656,8677300,0.0,0.0
2024-09-03 00:00:00-04:00,172.3800048828125,177.88999938964844,171.8800048828125,177.5399932861328,164.7760467529297,7032100,0.0,0.0
2024-09-04 00:00:00-04:00,177.89999389648438,179.64999389648438,176.2899932861328,178.52000427246094,165.68557739257812,6188500,0.0,0.0
2024-09-05 00:00:00-04:00,178.72999572753906,179.72999572753906,177.52000427246094,179.3000030517578,166.40951538085938,5743100,0.0,0.0
2024-09-06 00:00:00-04:00,177.44000244140625,178.5800018310547,177.0,177.33999633789062,165.8437042236328,6395300,1.355,0.0
2024-09-09 00:00:00-04:00,177.0500030517578,178.7899932861328,175.86000061035156,178.19000244140625,166.6386260986328,4666200,0.0,0.0
2024-09-10 00:00:00-04:00,178.64999389648438,179.10000610351562,177.63999938964844,177.80999755859375,166.2832489013672,4315800,0.0,0.0
2024-09-11 00:00:00-04:00,177.44000244140625,177.75,174.42999267578125,175.77999877929688,164.38485717773438,4036000,0.0,0.0
2024-09-12 00:00:00-04:00,175.77999877929688,177.69000244140625,173.9499969482422,177.25,165.75955200195312,4222800,0.0,0.0
2024-09-13 00:00:00-04:00,177.4499969482422,177.9600067138672,176.3699951171875,177.36000061035156,165.86241149902344,3290400,0.0,0.0
2024-09-16 00:00:00-04:00,179.0,179.42999267578125,176.35000610351562,177.2100067138672,165.72213745117188,4940100,0.0,0.0
2024-09-17 00:00:00-04:00,177.0,178.08999633789062,176.3000030517578,176.8699951171875,165.40419006347656,6305100,0.0,0.0
2024-09-18 00:00:00-04:00,176.86000061035156,178.05999755859375,174.42999267578125,175.2100067138672,163.851806640625,5307900,0.0,0.0
2024-09-19 00:00:00-04:00,175.75,176.22000122070312,174.14999389648438,174.66000366210938,163.3374481201172,5504000,0.0,0.0
2024-09-20 00:00:00-04:00,172.57000732421875,173.77000427246094,170.22000122070312,171.17999267578125,160.08303833007812,12198400,0.0,0.0
2024-09-23 00:00:00-04:00,170.8699951171875,173.94000244140625,170.72999572753906,172.11000061035156,160.95274353027344,5350300,0.0,0.0
2024-09-24 00:00:00-04:00,170.99000549316406,171.60000610351562,169.5,169.9199981689453,158.9047393798828,7837900,0.0,0.0
2024-09-25 00:00:00-04:00,170.39999389648438,170.77000427246094,168.75999450683594,169.39999389648438,158.41842651367188,4505100,0.0,0.0
2024-09-26 00:00:00-04:00,169.22000122070312,171.0,168.67999267578125,169.69000244140625,158.6896209716797,5673600,0.0,0.0
2024-09-27 00:00:00-04:00,169.9600067138672,171.64999389648438,169.67999267578125,170.0,158.97955322265625,7545800,0.0,0.0
2024-09-30 00:00:00-04:00,170.5800018310547,171.74000549316406,169.5800018310547,170.0500030517578,159.0262908935547,5054300,0.0,0.0
2024-10-01 00:00:00-04:00,171.2899932861328,171.94000244140625,169.77000427246094,171.3800048828125,160.2700958251953,7095900,0.0,0.0
2024-10-02 00:00:00-04:00,171.5,171.74000549316406,168.52000427246094,169.5500030517578,158.55873107910156,5786000,0.0,0.0
2024-10-03 00:00:00-04:00,168.13999938964844,169.11000061035156,167.1699981689453,168.52999877929688,157.60482788085938,5090300,0.0,0.0
2024-10-04 00:00:00-04:00,167.14999389648438,168.5,166.82000732421875,167.97000122070312,157.08116149902344,4390100,0.0,0.0
2024-10-07 00:00:00-04:00,167.72000122070312,167.92999267578125,166.4600067138672,167.2100067138672,156.37042236328125,5459500,0.0,0.0
2024-10-08 00:00:00-04:00,167.72000122070312,170.64999389648438,166.85000610351562,170.4199981689453,159.37229919433594,8297800,0.0,0.0
2024-10-09 00:00:00-04:00,169.3800048828125,173.27999877929688,169.10000610351562,172.5399932861328,161.3548583984375,7177500,0.0,0.0
2024-10-10 00:00:00-04:00,172.07000732421875,173.05999755859375,171.22000122070312,172.99000549316406,161.77572631835938,5292400,0.0,0.0
2024-10-11 00:00:00-04:00,174.0,175.17999267578125,172.8699951171875,174.80999755859375,163.47772216796875,4720300,0.0,0.0
2024-10-14 00:00:00-04:00,174.9600067138672,176.27000427246094,174.44000244140625,176.10000610351562,164.68409729003906,4535900,0.0,0.0
2024-10-15 00:00:00-04:00,176.36000061035156,177.38999938964844,175.1199951171875,175.89999389648438,164.4970703125,5802300,0.0,0.0
2024-10-16 00:00:00-04:00,175.00999450683594,175.3300018310547,173.6300048828125,174.47999572753906,163.16912841796875,4400900,0.0,0.0
2024-10-17 00:00:00-04:00,174.3800048828125,175.47000122070312,173.6999969482422,174.6699981689453,163.34678649902344,4125900,0.0,0.0
2024-10-18 00:00:00-04:00,172.3000030517578,175.3300018310547,172.1199951171875,175.05999755859375,163.71151733398438,5097000,0.0,0.0
2024-10-21 00:00:00-04:00,174.4600067138672,177.5,174.35000610351562,175.00999450683594,163.66476440429688,6436300,0.0,0.0
2024-10-22 00:00:00-04:00,174.50999450683594,174.9499969482422,173.50999450683594,174.3699951171875,163.0662384033203,3790500,0.0,0.0
2024-10-23 00:00:00-04:00,173.6999969482422,173.83999633789062,172.47000122070312,172.9499969482422,161.73829650878906,3800700,0.0,0.0
2024-10-24 00:00:00-04:00,172.9199981689453,173.5399932861328,171.6999969482422,172.16000366210938,160.99952697753906,4244900,0.0,0.0
2024-10-25 00:00:00-04:00,172.47000122070312,174.0,171.60000610351562,171.7899932861328,160.6535186767578,4442600,0.0,0.0
2024-10-28 00:00:00-04:00,172.97999572753906,172.97999572753906,169.72999572753906,169.83999633789062,158.8299102783203,5186400,0.0,0.0
2024-10-29 00:00:00-04:00,169.1999969482422,169.1999969482422,166.97000122070312,167.5,156.64158630371094,5127900,0.0,0.0
2024-10-30 00:00:00-04:00,167.0,167.63999938964844,166.0800018310547,166.2100067138672,155.43524169921875,4801500,0.0,0.0
2024-10-31 00:00:00-04:00,166.10000610351562,167.5,165.80999755859375,166.0800018310547,155.3136444091797,5582400,0.0,0.0
2024-11-01 00:00:00-04:00,166.08999633789062,166.25,165.2100067138672,165.58999633789062,154.85543823242188,6339000,0.0,0.0
2024-11-04 00:00:00-05:00,165.58999633789062,166.64999389648438,165.19000244140625,166.33999633789062,155.55679321289062,4885500,0.0,0.0
2024-11-05 00:00:00-05:00,165.9499969482422,167.9600067138672,165.6699981689453,167.85000610351562,156.96893310546875,3678300,0.0,0.0
2024-11-06 00:00:00-05:00,167.3699951171875,167.41000366210938,163.60000610351562,164.7100067138672,154.032470703125,7849300,0.0,0.0
2024-11-07 00:00:00-05:00,164.5,164.89999389648438,163.47000122070312,164.0,153.36849975585938,5333500,0.0,0.0
2024-11-08 00:00:00-05:00,163.83999633789062,165.82000732421875,163.64999389648438,165.11000061035156,154.4065399169922,4618300,0.0,0.0
2024-11-11 00:00:00-05:00,164.41000366210938,166.14999389648438,163.97999572753906,164.25999450683594,153.61166381835938,3762000,0.0,0.0
2024-11-12 00:00:00-05:00,164.08999633789062,165.0,163.14999389648438,164.33999633789062,153.68646240234375,5386600,0.0,0.0
2024-11-13 00:00:00-05:00,163.49000549316406,164.8000030517578,162.3699951171875,164.74000549316406,154.06053161621094,4145000,0.0,0.0
2024-11-14 00:00:00-05:00,164.74000549316406,166.88999938964844,163.8300018310547,165.14999389648438,154.44395446777344,5422700,0.0,0.0
2024-11-15 00:00:00-05:00,164.3800048828125,164.3800048828125,158.0500030517578,158.6199951171875,148.3372802734375,9108900,0.0,0.0
2024-11-18 00:00:00-05:00,159.41000366210938,159.85000610351562,157.75999450683594,158.3300018310547,148.06605529785156,6991300,0.0,0.0
2024-11-19 00:00:00-05:00,157.75,157.8699951171875,155.85000610351562,156.72000122070312,146.56044006347656,8248900,0.0,0.0
2024-11-20 00:00:00-05:00,156.4499969482422,159.11000061035156,156.1999969482422,158.74000549316406,148.44947814941406,5067300,0.0,0.0
2024-11-21 00:00:00-05:00,158.38999938964844,160.5,157.9499969482422,160.33999633789062,149.94573974609375,5977000,0.0,0.0
2024-11-22 00:00:00-05:00,160.89999389648438,162.05999755859375,159.88999938964844,162.0,151.49813842773438,5846300,0.0,0.0
2024-11-25 00:00:00-05:00,162.6999969482422,163.58999633789062,162.0,163.0500030517578,152.4801025390625,8580400,0.0,0.0
2024-11-26 00:00:00-05:00,163.27000427246094,163.67999267578125,161.89999389648438,162.16000366210938,151.6477813720703,4653600,0.0,0.0
2024-11-27 00:00:00-05:00,161.94000244140625,165.1300048828125,161.67999267578125,162.72000122070312,152.17147827148438,3622900,0.0,0.0
2024-11-29 00:00:00-05:00,161.42999267578125,163.58999633789062,160.9499969482422,163.4499969482422,152.85415649414062,2799300,0.0,0.0
2024-12-02 00:00:00-05:00,163.32000732421875,163.64999389648438,161.75999450683594,163.0500030517578,152.4801025390625,4967400,0.0,0.0
2024-12-03 00:00:00-05:00,162.83999633789062,163.0500030517578,161.4199981689453,161.6999969482422,151.2175750732422,4277400,0.0,0.0
2024-12-04 00:00:00-05:00,160.60000610351562,161.02999877929688,159.41000366210938,160.17999267578125,149.79612731933594,6964600,0.0,0.0
2024-12-05 00:00:00-05:00,160.92999267578125,161.00999450683594,158.8300018310547,160.49000549316406,150.08604431152344,5229600,0.0,0.0
2024-12-06 00:00:00-05:00,159.35000610351562,160.8000030517578,157.69000244140625,157.7899932861328,148.8175048828125,8359200,1.355,0.0
2024-12-09 00:00:00-05:00,157.91000366210938,161.5,157.13999938964844,159.47000122070312,150.40199279785156,8380400,0.0,0.0
2024-12-10 00:00:00-05:00,159.0,160.4199981689453,157.35000610351562,159.83999633789062,150.7509765625,5329400,0.0,0.0
2024-12-11 00:00:00-05:00,160.2100067138672,160.50999450683594,156.25999450683594,156.77000427246094,147.85552978515625,7925900,0.0,0.0
2024-12-12 00:00:00-05:00,159.08999633789062,159.39999389648438,157.97000122070312,158.89999389648438,149.86439514160156,6849500,0.0,0.0
2024-12-13 00:00:00-05:00,157.52999877929688,159.57000732421875,157.05999755859375,157.97000122070312,148.98728942871094,4353900,0.0,0.0
2024-12-16 00:00:00-05:00,157.85000610351562,158.82000732421875,155.8800048828125,156.02000427246094,147.14816284179688,6696500,0.0,0.0
2024-12-17 00:00:00-05:00,155.74000549316406,158.5,155.24000549316406,156.13999938964844,147.26133728027344,6572600,0.0,0.0
2024-12-18 00:00:00-05:00,155.02999877929688,155.8300018310547,154.11000061035156,154.42999267578125,145.64857482910156,7620900,0.0,0.0
2024-12-19 00:00:00-05:00,153.08999633789062,154.0800018310547,151.41000366210938,151.47000122070312,142.8568878173828,9829500,0.0,0.0
2024-12-20 00:00:00-05:00,150.86000061035156,153.49000549316406,150.50999450683594,152.7899932861328,144.10182189941406,19205200,0.0,0.0
2024-12-23 00:00:00-05:00,152.41000366210938,152.41000366210938,149.7100067138672,151.2899932861328,142.68710327148438,6822200,0.0,0.0
2024-12-24 00:00:00-05:00,150.5,152.8300018310547,150.41000366210938,152.80999755859375,144.12069702148438,3399800,0.0,0.0
2024-12-26 00:00:00-05:00,152.52999877929688,153.17999267578125,152.24000549316406,152.44000244140625,143.77174377441406,5528500,0.0,0.0
2024-12-27 00:00:00-05:00,151.2899932861328,153.47000122070312,151.25999450683594,152.88999938964844,144.19615173339844,4287000,0.0,0.0
2024-12-30 00:00:00-05:00,152.66000366210938,153.08999633789062,151.08999633789062,151.72000122070312,143.09268188476562,5397000,0.0,0.0
2024-12-31 00:00:00-05:00,151.8000030517578,153.14999389648438,150.94000244140625,152.05999755859375,143.41334533691406,4274800,0.0,0.0
2025-01-02 00:00:00-05:00,152.8800048828125,153.66000366210938,149.88999938964844,150.2100067138672,141.66854858398438,4970200,0.0,0.0
2025-01-03 00:00:00-05:00,150.9600067138672,150.9600067138672,149.55999755859375,149.64999389648438,141.140380859375,5218100,0.0,0.0
2025-01-06 00:00:00-05:00,149.60000610351562,149.9499969482422,146.10000610351562,146.27000427246094,137.9525909423828,9470600,0.0,0.0
2025-01-07 00:00:00-05:00,146.4600067138672,147.97000122070312,145.33999633789062,145.39999389648438,137.13206481933594,7473300,0.0,0.0
2025-01-08 00:00:00-05:00,145.39999389648438,146.6699981689453,144.55999755859375,146.5399932861328,138.2072296142578,6791800,0.0,0.0
2025-01-10 00:00:00-05:00,145.0,145.57000732421875,141.50999450683594,142.63999938964844,134.52899169921875,9632700,0.0,0.0
2025-01-13 00:00:00-05:00,142.7899932861328,145.13999938964844,142.13999938964844,144.5,136.28323364257812,8101400,0.0,0.0
2025-01-14 00:00:00-05:00,144.19000244140625,145.13999938964844,143.55999755859375,144.9499969482422,136.7076416015625,6996400,0.0,0.0
2025-01-15 00:00:00-05:00,145.49000549316406,146.1999969482422,144.1699981689453,144.77999877929688,136.54730224609375,7141600,0.0,0.0
2025-01-16 00:00:00-05:00,144.0500030517578,146.7899932861328,143.69000244140625,146.5399932861328,138.2072296142578,5068000,0.0,0.0
2025-01-17 00:00:00-05:00,147.72000122070312,148.6199951171875,147.1699981689453,148.25,139.82000732421875,7338900,0.0,0.0
2025-01-21 00:00:00-05:00,148.3300018310547,149.77999877929688,147.77000427246094,148.5500030517578,140.10293579101562,7456200,0.0,0.0
2025-01-22 00:00:00-05:00,148.22999572753906,149.4499969482422,147.7899932861328,148.08999633789062,139.66908264160156,5905100,0.0,0.0
2025-01-23 00:00:00-05:00,148.49000549316406,148.94000244140625,146.61000061035156,148.6199951171875,140.16896057128906,4759100,0.0,0.0
2025-01-24 00:00:00-05:00,148.82000732421875,149.30999755859375,148.1300048828125,149.1199951171875,140.64051818847656,4509600,0.0,0.0
2025-01-27 00:00:00-05:00,150.9199981689453,155.47000122070312,150.89999389648438,154.61000061035156,145.81834411621094,9820600,0.0,0.0
2025-01-28 00:00:00-05:00,154.14999389648438,154.61000061035156,150.1199951171875,150.25,141.70628356933594,6349700,0.0,0.0
2025-01-29 00:00:00-05:00,151.1300048828125,152.0,150.22999572753906,150.3699951171875,141.81942749023438,4874100,0.0,0.0
2025-01-30 00:00:00-05:00,151.27999877929688,153.0800018310547,150.6300048828125,151.89999389648438,143.26242065429688,4671300,0.0,0.0
2025-01-31 00:00:00-05:00,150.75999450683594,151.69000244140625,150.27000427246094,150.69000244140625,142.12124633789062,4905500,0.0,0.0
2025-02-03 00:00:00-05:00,149.75999450683594,151.1300048828125,148.8300018310547,150.27000427246094,141.72512817382812,7196200,0.0,0.0
2025-02-04 00:00:00-05:00,146.10000610351562,147.75,143.0,143.49000549316406,135.33065795898438,12804900,0.0,0.0
2025-02-05 00:00:00-05:00,143.38999938964844,145.7899932861328,142.6999969482422,145.66000366210938,137.37725830078125,9248100,0.0,0.0
2025-02-06 00:00:00-05:00,146.25999450683594,146.89999389648438,143.9600067138672,145.35000610351562,137.0849151611328,5604900,0.0,0.0
2025-02-07 00:00:00-05:00,145.00999450683594,145.14999389648438,143.89999389648438,144.5800018310547,136.35867309570312,5872300,0.0,0.0
2025-02-10 00:00:00-05:00,144.35000610351562,144.52000427246094,143.00999450683594,144.35000610351562,136.1417694091797,8715400,0.0,0.0
2025-02-11 00:00:00-05:00,144.3699951171875,145.72000122070312,143.39999389648438,145.63999938964844,137.3583984375,6354000,0.0,0.0
2025-02-12 00:00:00-05:00,144.0399932861328,144.77999877929688,143.02999877929688,143.99000549316406,135.80226135253906,6658200,0.0,0.0
2025-02-13 00:00:00-05:00,144.22999572753906,144.94000244140625,143.60000610351562,144.5800018310547,136.35867309570312,7175300,0.0,0.0
2025-02-14 00:00:00-05:00,144.6699981689453,146.1699981689453,143.3300018310547,143.38999938964844,135.23635864257812,5001800,0.0,0.0
2025-02-18 00:00:00-05:00,142.89999389648438,144.14999389648438,141.60000610351562,144.10000610351562,135.906005859375,8738700,0.0,0.0
2025-02-19 00:00:00-05:00,144.22999572753906,145.92999267578125,144.14999389648438,145.80999755859375,137.5187530517578,5777300,0.0,0.0
2025-02-20 00:00:00-05:00,145.11000061035156,149.19000244140625,145.0,149.10000610351562,140.62164306640625,6789800,0.0,0.0
2025-02-21 00:00:00-05:00,149.99000549316406,154.5500030517578,148.89999389648438,153.5,144.77146911621094,10604400,0.0,0.0
2025-02-24 00:00:00-05:00,152.33999633789062,156.32000732421875,152.1199951171875,153.85000610351562,145.1015625,7187000,0.0,0.0
2025-02-25 00:00:00-05:00,154.7899932861328,158.4600067138672,154.0,156.4199981689453,147.52542114257812,9474600,0.0,0.0
2025-02-26 00:00:00-05:00,155.57000732421875,155.61000061035156,151.13999938964844,151.50999450683594,142.89462280273438,9076500,0.0,0.0
2025-02-27 00:00:00-05:00,150.89999389648438,152.69000244140625,149.92999267578125,152.02000427246094,143.37564086914062,6731000,0.0,0.0
2025-02-28 00:00:00-05:00,153.6999969482422,155.10000610351562,152.35000610351562,153.47000122070312,144.74314880371094,8455500,0.0,0.0
2025-03-03 00:00:00-05:00,151.35000610351562,156.14999389648438,150.5,155.99000549316406,147.119873046875,8321700,0.0,0.0
2025-03-04 00:00:00-05:00,157.33999633789062,160.14999389648438,153.9600067138672,154.19000244140625,145.42222595214844,10274200,0.0,0.0
2025-03-05 00:00:00-05:00,152.92999267578125,155.33999633789062,152.72999572753906,153.8800048828125,145.12985229492188,5578700,0.0,0.0
2025-03-06 00:00:00-05:00,154.1699981689453,154.97000122070312,152.52999877929688,154.61000061035156,145.81834411621094,8421000,0.0,0.0
2025-03-07 00:00:00-05:00,153.25,157.58999633789062,152.77000427246094,154.44000244140625,146.9458465576172,8997700,1.355,0.0
2025-03-10 00:00:00-04:00,155.8800048828125,160.0800018310547,155.3699951171875,156.25,148.6680145263672,11156900,0.0,0.0
2025-03-11 00:00:00-04:00,155.7899932861328,156.0500030517578,151.80999755859375,152.3300018310547,144.938232421875,7981600,0.0,0.0
2025-03-12 00:00:00-04:00,147.5399932861328,149.52999877929688,146.50999450683594,148.1699981689453,140.9801025390625,8330200,0.0,0.0
2025-03-13 00:00:00-04:00,148.3699951171875,150.47999572753906,148.05999755859375,148.33999633789062,141.14183044433594,5351100,0.0,0.0
2025-03-14 00:00:00-04:00,147.1300048828125,149.16000366210938,147.0800018310547,148.58999633789062,141.37969970703125,5277500,0.0,0.0
2025-03-17 00:00:00-04:00,149.22999572753906,151.6699981689453,149.1300048828125,151.33999633789062,143.9962615966797,5449500,0.0,0.0
2025-03-18 00:00:00-04:00,150.0,151.3000030517578,148.75,148.99000549316406,141.76031494140625,8158600,0.0,0.0
2025-03-19 00:00:00-04:00,148.16000366210938,148.8800048828125,146.7899932861328,148.11000061035156,140.92300415039062,6080100,0.0,0.0
2025-03-20 00:00:00-04:00,147.55999755859375,148.07000732421875,146.63999938964844,147.14999389648438,140.00958251953125,4536400,0.0,0.0
2025-03-21 00:00:00-04:00,147.0,147.6999969482422,144.75,145.4499969482422,138.39208984375,11574800,0.0,0.0
2025-03-24 00:00:00-04:00,145.49000549316406,146.72000122070312,144.8300018310547,146.4499969482422,139.3435516357422,5968900,0.0,0.0
2025-03-25 00:00:00-04:00,146.14999389648438,146.3000030517578,144.8300018310547,145.5399932861328,138.4777069091797,4763300,0.0,0.0
2025-03-26 00:00:00-04:00,146.0,149.3300018310547,145.75,148.63999938964844,141.42727661132812,5882200,0.0,0.0
2025-03-27 00:00:00-04:00,149.58999633789062,150.41000366210938,149.08999633789062,149.6699981689453,142.40728759765625,5397500,0.0,0.0
2025-03-28 00:00:00-04:00,150.44000244140625,151.3800048828125,147.11000061035156,149.27000427246094,142.02671813964844,8550900,0.0,0.0
2025-03-31 00:00:00-04:00,150.1999969482422,152.58999633789062,149.75,149.94000244140625,142.66419982910156,9985700,0.0,0.0
2025-04-01 00:00:00-04:00,150.49000549316406,150.7899932861328,148.6699981689453,149.6699981689453,142.40728759765625,6072800,0.0,0.0
2025-04-02 00:00:00-04:00,150.22999572753906,150.5,148.07000732421875,149.1199951171875,141.8839874267578,5866200,0.0,0.0
2025-04-03 00:00:00-04:00,151.69000244140625,154.0500030517578,150.86000061035156,151.3699951171875,144.02481079101562,8216200,0.0,0.0
2025-04-04 00:00:00-04:00,152.99000549316406,154.9199981689453,146.44000244140625,146.61000061035156,139.49578857421875,12911400,0.0,0.0
2025-04-07 00:00:00-04:00,141.32000732421875,146.10000610351562,140.6699981689453,143.19000244140625,136.2417449951172,14423200,0.0,0.0
2025-04-08 00:00:00-04:00,143.9499969482422,145.39999389648438,139.14999389648438,140.3000030517578,133.49197387695312,9488900,0.0,0.0
2025-04-09 00:00:00-04:00,140.25,145.9499969482422,138.3300018310547,145.58999633789062,138.52528381347656,14067000,0.0,0.0
2025-04-10 00:00:00-04:00,145.4199981689453,147.13999938964844,142.9199981689453,144.13999938964844,137.14566040039062,10980300,0.0,0.0
2025-04-11 00:00:00-04:00,145.14999389648438,145.2899932861328,142.1199951171875,144.42999267578125,137.4215545654297,8563300,0.0,0.0
2025-04-14 00:00:00-04:00,144.16000366210938,147.17999267578125,143.5,146.75,139.62899780273438,5393800,0.0,0.0
2025-04-15 00:00:00-04:00,145.83999633789062,145.97999572753906,142.6300048828125,142.83999633789062,135.9087371826172,5459600,0.0,0.0
2025-04-16 00:00:00-04:00,144.11000061035156,144.39999389648438,139.77000427246094,140.08999633789062,133.2921600341797,7878600,0.0,0.0
2025-04-17 00:00:00-04:00,140.33999633789062,143.57000732421875,140.07000732421875,142.83999633789062,135.9087371826172,6131400,0.0,0.0
2025-04-21 00:00:00-04:00,142.5,142.8300018310547,140.57000732421875,141.72999572753906,134.8525848388672,7412800,0.0,0.0
2025-04-22 00:00:00-04:00,142.27999877929688,144.27999877929688,141.9499969482422,143.4600067138672,136.49864196777344,7144700,0.0,0.0
2025-04-23 00:00:00-04:00,143.27000427246094,144.00999450683594,140.85000610351562,142.25999450683594,135.35687255859375,7760000,0.0,0.0
2025-04-24 00:00:00-04:00,141.4499969482422,141.85000610351562,134.52999877929688,135.30999755859375,128.74411010742188,15577300,0.0,0.0
2025-04-25 00:00:00-04:00,135.47000122070312,135.61000061035156,131.8000030517578,133.3800048828125,126.90778350830078,11544700,0.0,0.0
2025-04-28 00:00:00-04:00,133.89999389648438,135.41000366210938,133.10000610351562,133.75999450683594,127.26932525634766,8498600,0.0,0.0
2025-04-29 00:00:00-04:00,132.47999572753906,134.4600067138672,131.52000427246094,134.30999755859375,127.79264831542969,7010700,0.0,0.0
2025-04-30 00:00:00-04:00,135.6300048828125,136.17999267578125,133.10000610351562,135.5800018310547,129.00100708007812,7923500,0.0,0.0
2025-05-01 00:00:00-04:00,134.47000122070312,134.80999755859375,133.24000549316406,133.5500030517578,127.06952667236328,6807000,0.0,0.0
2025-05-02 00:00:00-04:00,134.14999389648438,134.39999389648438,133.14999389648438,133.75,127.25981903076172,7169700,0.0,0.0
2025-05-05 00:00:00-04:00,134.0399932861328,134.0399932861328,131.6999969482422,131.99000549316406,125.5852279663086,8972200,0.0,0.0
2025-05-06 00:00:00-04:00,131.89999389648438,131.89999389648438,130.16000366210938,130.74000549316406,124.39588165283203,6889900,0.0,0.0
2025-05-07 00:00:00-04:00,130.9499969482422,132.6699981689453,130.27000427246094,131.9199981689453,125.51861572265625,6313200,0.0,0.0
2025-05-08 00:00:00-04:00,131.88999938964844,132.97999572753906,131.25999450683594,131.42999267578125,125.05239868164062,6392400,0.0,0.0
2025-05-09 00:00:00-04:00,131.14999389648438,131.64999389648438,130.17999267578125,130.44000244140625,124.11043548583984,4770500,0.0,0.0
2025-05-12 00:00:00-04:00,130.83999633789062,132.3300018310547,130.05999755859375,131.67999267578125,125.29024505615234,8392700,0.0,0.0
2025-05-13 00:00:00-04:00,131.1699981689453,131.63999938964844,129.75,130.30999755859375,123.98673248291016,8650200,0.0,0.0
2025-05-14 00:00:00-04:00,130.07000732421875,130.1699981689453,127.87000274658203,128.4499969482422,122.21699523925781,10463000,0.0,0.0
2025-05-15 00:00:00-04:00,129.19000244140625,131.5500030517578,128.80999755859375,131.5,125.1189956665039,9165100,0.0,0.0
2025-05-16 00:00:00-04:00,132.08999633789062,132.25999450683594,130.64999389648438,131.97999572753906,125.57569885253906,8896400,0.0,0.0
2025-05-19 00:00:00-04:00,132.1300048828125,132.25999450683594,131.11000061035156,131.7899932861328,125.39492797851562,9406200,0.0,0.0
2025-05-20 00:00:00-04:00,131.75,132.1699981689453,131.35000610351562,131.8000030517578,125.40444946289062,7624200,0.0,0.0
2025-05-21 00:00:00-04:00,131.8000030517578,131.89999389648438,130.05999755859375,130.14999389648438,123.8344955444336,9243700,0.0,0.0
2025-05-22 00:00:00-04:00,130.02000427246094,130.6999969482422,128.82000732421875,130.1199951171875,123.80596160888672,7140200,0.0,0.0
2025-05-23 00:00:00-04:00,129.55999755859375,129.75999450683594,127.75,129.33999633789062,123.06379699707031,8122500,0.0,0.0
2025-05-27 00:00:00-04:00,130.0800018310547,131.4600067138672,129.1300048828125,131.3699951171875,124.99530792236328,13974800,0.0,0.0
2025-05-28 00:00:00-04:00,131.2899932861328,132.19000244140625,130.47000122070312,130.6699981689453,124.32927703857422,9431500,0.0,0.0
2025-05-29 00:00:00-04:00,130.86000061035156,132.07000732421875,130.25,131.9199981689453,125.51861572265625,6656900,0.0,0.0
2025-05-30 00:00:00-04:00,132.14999389648438,132.72000122070312,131.2899932861328,131.4499969482422,125.07141876220703,12992100,0.0,0.0
2025-06-02 00:00:00-04:00,130.89999389648438,131.02999877929688,129.07000732421875,130.91000366210938,124.55762481689453,6723700,0.0,0.0
2025-06-03 00:00:00-04:00,130.6300048828125,132.2100067138672,129.80999755859375,131.85000610351562,125.4520263671875,7339500,0.0,0.0
2025-06-04 00:00:00-04:00,132.24000549316406,132.74000549316406,131.10000610351562,131.74000549316406,125.34735870361328,6519700,0.0,0.0
2025-06-05 00:00:00-04:00,131.1999969482422,131.41000366210938,130.2100067138672,131.11000061035156,124.74791717529297,9560800,0.0,0.0
2025-06-06 00:00:00-04:00,130.25,130.6699981689453,129.33999633789062,130.02999877929688,125.07786560058594,7628200,1.423,0.0
2025-06-09 00:00:00-04:00,129.8300018310547,130.64999389648438,129.17999267578125,129.9600067138672,125.01053619384766,8453100,0.0,0.0
2025-06-10 00:00:00-04:00,130.1999969482422,132.1199951171875,129.4600067138672,131.8300018310547,126.8093032836914,11852900,0.0,0.0
2025-06-11 00:00:00-04:00,131.94000244140625,131.97000122070312,129.7899932861328,129.89999389648438,124.95279693603516,9168400,0.0,0.0
2025-06-12 00:00:00-04:00,129.88999938964844,132.3300018310547,129.7100067138672,132.3000030517578,127.26140594482422,11444900,0.0,0.0
2025-06-13 00:00:00-04:00,131.75999450683594,133.05999755859375,130.58999633789062,130.85000610351562,125.86662292480469,9581000,0.0,0.0
2025-06-16 00:00:00-04:00,131.30999755859375,132.08999633789062,130.22999572753906,131.41000366210938,126.40530395507812,11183700,0.0,0.0
2025-06-17 00:00:00-04:00,131.16000366210938,131.69000244140625,129.1300048828125,129.2899932861328,124.36603546142578,10235200,0.0,0.0
2025-06-18 00:00:00-04:00,129.6300048828125,129.67999267578125,128.58999633789062,129.07000732421875,124.15442657470703,8785800,0.0,0.0
2025-06-20 00:00:00-04:00,129.52999877929688,130.4199981689453,128.89999389648438,129.07000732421875,124.15442657470703,23001000,0.0,0.0
2025-06-23 00:00:00-04:00,129.2899932861328,129.5,127.81999969482422,129.08999633789062,124.17365264892578,12840400,0.0,0.0
2025-06-24 00:00:00-04:00,129.13999938964844,131.2100067138672,129.0500030517578,131.0500030517578,126.05902099609375,9226800,0.0,0.0
2025-06-25 00:00:00-04:00,130.25999450683594,130.58999633789062,127.62999725341797,128.02000427246094,123.14441680908203,10922600,0.0,0.0
2025-06-26 00:00:00-04:00,127.70999908447266,129.16000366210938,127.5999984741211,128.22000122070312,123.3367919921875,11538100,0.0,0.0
2025-06-27 00:00:00-04:00,128.2899932861328,131.33999633789062,128.11000061035156,131.0399932861328,126.04939270019531,26536500,0.0,0.0
2025-06-30 00:00:00-04:00,131.1999969482422,132.36000061035156,130.58999633789062,132.0399932861328,127.01132202148438,11402400,0.0,0.0
2025-07-01 00:00:00-04:00,132.58999633789062,136.38999938964844,132.47000122070312,135.25999450683594,130.10867309570312,12846700,0.0,0.0
2025-07-02 00:00:00-04:00,135.25,137.0,134.8800048828125,136.47999572753906,131.28221130371094,9388700,0.0,0.0
2025-07-03 00:00:00-04:00,136.6999969482422,136.8300018310547,135.24000549316406,135.3800048828125,130.22410583496094,4941400,0.0,0.0
2025-07-07 00:00:00-04:00,135.52999877929688,135.72000122070312,133.67999267578125,134.4499969482422,129.32952880859375,7773700,0.0,0.0
2025-07-08 00:00:00-04:00,133.41000366210938,135.6699981689453,133.27999877929688,135.0399932861328,129.8970489501953,7718300,0.0,0.0
2025-07-09 00:00:00-04:00,134.89999389648438,135.3800048828125,132.9600067138672,134.47999572753906,129.35836791992188,7762600,0.0,0.0
2025-07-10 00:00:00-04:00,134.42999267578125,136.67999267578125,133.6300048828125,136.0800018310547,130.8974609375,8869700,0.0,0.0
2025-07-11 00:00:00-04:00,134.83999633789062,135.38999938964844,133.80999755859375,135.25999450683594,130.10867309570312,7963600,0.0,0.0
2025-07-14 00:00:00-04:00,134.75,135.8800048828125,133.86000061035156,135.57000732421875,130.40687561035156,8480300,0.0,0.0
2025-07-15 00:00:00-04:00,135.42999267578125,135.50999450683594,133.75,133.80999755859375,128.71388244628906,8933500,0.0,0.0
2025-07-16 00:00:00-04:00,133.9499969482422,135.50999450683594,133.75,135.35000610351562,130.1952667236328,10941600,0.0,0.0
2025-07-17 00:00:00-04:00,141.6999969482422,145.9600067138672,141.63999938964844,145.44000244140625,139.90097045898438,26161000,0.0,0.0
2025-07-18 00:00:00-04:00,146.25999450683594,146.35000610351562,142.94000244140625,143.24000549316406,137.78477478027344,13752800,0.0,0.0
2025-07-21 00:00:00-04:00,143.10000610351562,143.58999633789062,140.4600067138672,141.6999969482422,136.3034210205078,9025600,0.0,0.0
2025-07-22 00:00:00-04:00,141.22999572753906,146.39999389648438,141.22999572753906,146.0399932861328,140.4781036376953,8281500,0.0,0.0
2025-07-23 00:00:00-04:00,145.86000061035156,147.02999877929688,145.08999633789062,145.66000366210938,140.11260986328125,6166000,0.0,0.0
2025-07-24 00:00:00-04:00,145.82000732421875,146.47000122070312,143.97999572753906,144.50999450683594,139.0063934326172,9749400,0.0,0.0
2025-07-25 00:00:00-04:00,144.80999755859375,144.82000732421875,142.6999969482422,143.4499969482422,137.9867706298828,7021600,0.0,0.0
2025-07-28 00:00:00-04:00,142.6999969482422,143.10000610351562,141.4600067138672,141.57000732421875,136.17837524414062,10639100,0.0,0.0
2025-07-29 00:00:00-04:00,141.57000732421875,143.99000549316406,141.1300048828125,143.88999938964844,138.41000366210938,6282900,0.0,0.0
2025-07-30 00:00:00-04:00,143.77000427246094,144.39999389648438,142.2899932861328,142.86000061035156,137.41921997070312,9738400,0.0,0.0
2025-07-31 00:00:00-04:00,140.97999572753906,141.57000732421875,137.63999938964844,137.9199981689453,132.66737365722656,11689700,0.0,0.0
2025-08-01 00:00:00-04:00,139.10000610351562,139.80999755859375,138.2899932861328,139.27999877929688,133.97557067871094,7630500,0.0,0.0
2025-08-04 00:00:00-04:00,139.2899932861328,140.32000732421875,138.75,139.55999755859375,134.24488830566406,8384700,0.0,0.0
2025-08-05 00:00:00-04:00,139.60000610351562,140.35000610351562,139.25999450683594,139.4499969482422,134.1390838623047,5535100,0.0,0.0
2025-08-06 00:00:00-04:00,139.89999389648438,141.5800018310547,139.36000061035156,140.8000030517578,135.4376983642578,6747400,0.0,0.0
2025-08-07 00:00:00-04:00,141.24000549316406,144.30999755859375,140.47999572753906,143.9199981689453,138.43885803222656,7674600,0.0,0.0
2025-08-08 00:00:00-04:00,143.9199981689453,145.3699951171875,143.8000030517578,145.2100067138672,139.6797332763672,5315100,0.0,0.0
2025-08-11 00:00:00-04:00,145.32000732421875,145.60000610351562,143.75,144.8699951171875,139.35267639160156,5773400,0.0,0.0
2025-08-12 00:00:00-04:00,145.5500030517578,147.00999450683594,144.72000122070312,146.8699951171875,141.27650451660156,7668700,0.0,0.0
2025-08-13 00:00:00-04:00,146.88999938964844,149.5399932861328,146.85000610351562,149.35000610351562,143.6620635986328,6147000,0.0,0.0
2025-08-14 00:00:00-04:00,149.0399932861328,149.5,148.0500030517578,148.6199951171875,142.95985412597656,6892500,0.0,0.0
2025-08-15 00:00:00-04:00,149.38999938964844,151.10000610351562,148.49000549316406,150.39999389648438,144.6720733642578,9162200,0.0,0.0
2025-08-18 00:00:00-04:00,150.5500030517578,150.5500030517578,148.9199981689453,149.5500030517578,143.8544464111328,9901000,0.0,0.0
2025-08-19 00:00:00-04:00,150.0,152.32000732421875,149.86000061035156,152.16000366210938,146.3650360107422,8596900,0.0,0.0
2025-08-20 00:00:00-04:00,153.2100067138672,154.61000061035156,148.69000244140625,150.72999572753906,144.98948669433594,10023500,0.0,0.0
2025-08-21 00:00:00-04:00,150.32000732421875,150.32000732421875,148.60000610351562,148.97999572753906,143.30613708496094,8153600,0.0,0.0
2025-08-22 00:00:00-04:00,149.64999389648438,151.17999267578125,149.08999633789062,149.63999938964844,143.94100952148438,5218000,0.0,0.0
2025-08-25 00:00:00-04:00,148.42999267578125,148.82000732421875,147.5800018310547,148.1999969482422,142.5558624267578,6624300,0.0,0.0
2025-08-26 00:00:00-04:00,147.5,148.25,145.80999755859375,147.0,141.40155029296875,11208100,0.0,0.0
2025-08-27 00:00:00-04:00,147.0,147.7899932861328,146.30999755859375,147.63999938964844,142.01719665527344,8092900,0.0,0.0
2025-08-28 00:00:00-04:00,147.9600067138672,148.0399932861328,146.22999572753906,146.97999572753906,141.38233947753906,9265100,0.0,0.0
2025-08-29 00:00:00-04:00,147.10000610351562,149.22000122070312,146.8699951171875,148.64999389648438,142.98870849609375,7760700,0.0,0.0
2025-09-02 00:00:00-04:00,157.44000244140625,157.8000030517578,150.2100067138672,150.27999877929688,144.556640625,17348600,0.0,0.0
2025-09-03 00:00:00-04:00,149.9499969482422,150.4600067138672,147.11000061035156,148.63999938964844,142.97909545898438,11259200,0.0,0.0
2025-09-04 00:00:00-04:00,149.02000427246094,149.47000122070312,146.4499969482422,146.88999938964844,141.29574584960938,6342200,0.0,0.0
2025-09-05 00:00:00-04:00,146.0,147.8800048828125,145.27999877929688,146.38999938964844,142.19229125976562,7186300,1.423,0.0
2025-09-08 00:00:00-04:00,145.72000122070312,145.72000122070312,140.35000610351562,141.7100067138672,137.646484375,11127600,0.0,0.0
2025-09-09 00:00:00-04:00,141.17999267578125,143.6300048828125,141.10000610351562,143.10000610351562,138.9966278076172,5866400,0.0,0.0
2025-09-10 00:00:00-04:00,142.22999572753906,143.11000061035156,141.4199981689453,142.66000366210938,138.5692596435547,6015100,0.0,0.0
2025-09-11 00:00:00-04:00,142.88999938964844,144.75,142.5,144.22999572753906,140.09422302246094,6144400,0.0,0.0
2025-09-12 00:00:00-04:00,144.07000732421875,144.25,142.89999389648438,143.52999877929688,139.41429138183594,5713700,0.0,0.0
2025-09-15 00:00:00-04:00,143.39999389648438,143.52999877929688,140.52999877929688,140.63999938964844,136.607177734375,7279600,0.0,0.0
2025-09-16 00:00:00-04:00,140.69000244140625,141.30999755859375,139.91000366210938,140.02999877929688,136.01466369628906,9283500,0.0,0.0
2025-09-17 00:00:00-04:00,140.1699981689453,142.0399932861328,140.14999389648438,141.22999572753906,137.1802520751953,6092900,0.0,0.0
2025-09-18 00:00:00-04:00,140.63999938964844,141.6300048828125,140.38999938964844,140.72999572753906,136.69459533691406,6106600,0.0,0.0
2025-09-19 00:00:00-04:00,141.4600067138672,142.0800018310547,140.4600067138672,141.75999450683594,137.69505310058594,12365500,0.0,0.0
2025-09-22 00:00:00-04:00,141.0800018310547,141.52000427246094,139.94000244140625,141.02999877929688,136.98597717285156,5797600,0.0,0.0
2025-09-23 00:00:00-04:00,141.0399932861328,142.22999572753906,139.9600067138672,141.89999389648438,137.83103942871094,6356500,0.0,0.0
2025-09-24 00:00:00-04:00,141.80999755859375,142.33999633789062,141.00999450683594,142.1699981689453,138.09329223632812,5949100,0.0,0.0
2025-09-25 00:00:00-04:00,143.0,143.4199981689453,139.86000061035156,139.9199981689453,135.90782165527344,7101700,0.0,0.0
2025-09-26 00:00:00-04:00,139.94000244140625,140.99000549316406,139.85000610351562,140.44000244140625,136.4129180908203,6224700,0.0,0.0
2025-09-29 00:00:00-04:00,140.44000244140625,140.6699981689453,139.1199951171875,140.1699981689453,136.15065002441406,11930200,0.0,0.0
2025-09-30 00:00:00-04:00,140.1699981689453,141.02999877929688,139.8300018310547,140.44000244140625,136.4129180908203,7583400,0.0,0.0
2025-10-01 00:00:00-04:00,140.80999755859375,143.3699951171875,140.47999572753906,143.13999938964844,139.03549194335938,5880800,0.0,0.0
2025-10-02 00:00:00-04:00,141.88999938964844,143.25,141.3699951171875,142.30999755859375,138.22927856445312,4497300,0.0,0.0
2025-10-03 00:00:00-04:00,142.25999450683594,143.36000061035156,141.86000061035156,141.97999572753906,137.9087371826172,5425700,0.0,0.0
2025-10-06 00:00:00-04:00,141.77000427246094,141.85000610351562,138.8800048828125,139.6999969482422,135.69410705566406,6750700,0.0,0.0
2025-10-07 00:00:00-04:00,140.3699951171875,141.83999633789062,139.69000244140625,140.7899932861328,136.7528533935547,6110300,0.0,0.0
2025-10-08 00:00:00-04:00,140.7899932861328,140.97999572753906,138.69000244140625,138.83999633789062,134.8587646484375,8256700,0.0,0.0
2025-10-09 00:00:00-04:00,140.4600067138672,144.74000549316406,138.58999633789062,144.7100067138672,140.5604705810547,13706600,0.0,0.0
2025-10-10 00:00:00-04:00,145.6300048828125,150.82000732421875,145.0,150.0800018310547,145.7764892578125,17545200,0.0,0.0
2025-10-13 00:00:00-04:00,148.64999389648438,149.97999572753906,147.33999633789062,148.88999938964844,144.62060546875,7272000,0.0,0.0
2025-10-14 00:00:00-04:00,148.69000244140625,151.6199951171875,148.5,151.5399932861328,147.19461059570312,8371100,0.0,0.0
2025-10-15 00:00:00-04:00,151.3300018310547,152.38999938964844,149.1699981689453,151.16000366210938,146.8255157470703,6101100,0.0,0.0
2025-10-16 00:00:00-04:00,152.3800048828125,154.3800048828125,152.2899932861328,152.6699981689453,148.29220581054688,8532900,0.0,0.0
2025-10-17 00:00:00-04:00,153.77000427246094,153.91000366210938,151.74000549316406,153.7100067138672,149.30238342285156,6710100,0.0,0.0
2025-10-20 00:00:00-04:00,154.4199981689453,154.4199981689453,152.72000122070312,153.63999938964844,149.23439025878906,4810600,0.0,0.0
2025-10-21 00:00:00-04:00,154.6999969482422,155.19000244140625,152.83999633789062,153.17999267578125,148.78758239746094,5614300,0.0,0.0
2025-10-22 00:00:00-04:00,153.14999389648438,155.17999267578125,152.7100067138672,153.02999877929688,148.6418914794922,6486000,0.0,0.0
2025-10-23 00:00:00-04:00,153.1699981689453,153.39999389648438,151.02999877929688,151.50999450683594,147.1654815673828,6091800,0.0,0.0
2025-10-24 00:00:00-04:00,152.0399932861328,152.4199981689453,151.27000427246094,151.5500030517578,147.20431518554688,3580200,0.0,0.0
2025-10-27 00:00:00-04:00,151.00999450683594,152.8699951171875,150.9600067138672,152.6300048828125,148.2533721923828,4744600,0.0,0.0
2025-10-28 00:00:00-04:00,151.41000366210938,153.2100067138672,149.9199981689453,150.1199951171875,145.81532287597656,5626500,0.0,0.0
2025-10-29 00:00:00-04:00,148.0500030517578,148.66000366210938,143.6699981689453,146.16000366210938,141.96888732910156,7767600,0.0,0.0
2025-10-30 00:00:00-04:00,146.33999633789062,148.08999633789062,146.25,147.5500030517578,143.31903076171875,5752700,0.0,0.0
2025-10-31 00:00:00-04:00,146.1999969482422,147.0,145.3000030517578,146.08999633789062,141.90089416503906,6313600,0.0,0.0
2025-11-03 00:00:00-05:00,145.86000061035156,145.91000366210938,143.25,143.60000610351562,139.48228454589844,8331500,0.0,0.0
2025-11-04 00:00:00-05:00,144.6999969482422,144.92999267578125,142.05999755859375,142.89999389648438,138.80235290527344,8302900,0.0,0.0
2025-11-05 00:00:00-05:00,142.89999389648438,143.27999877929688,141.5800018310547,142.86000061035156,138.7635040283203,7136400,0.0,0.0
2025-11-06 00:00:00-05:00,142.41000366210938,143.2100067138672,141.3000030517578,141.5800018310547,137.52020263671875,6449400,0.0,0.0
2025-11-07 00:00:00-05:00,142.92999267578125,144.0500030517578,141.64999389648438,142.9499969482422,138.85092163085938,7592300,0.0,0.0
2025-11-10 00:00:00-05:00,142.49000549316406,143.02000427246094,141.25999450683594,142.6199951171875,138.5303955078125,6617500,0.0,0.0
2025-11-11 00:00:00-05:00,143.27999877929688,145.75999450683594,142.67999267578125,145.0800018310547,140.9198455810547,7683600,0.0,0.0
2025-11-12 00:00:00-05:00,144.55999755859375,145.5,144.05999755859375,144.38999938964844,140.2496337890625,5790100,0.0,0.0
2025-11-13 00:00:00-05:00,144.10000610351562,146.38999938964844,143.64999389648438,145.02000427246094,140.861572265625,6663300,0.0,0.0
2025-11-14 00:00:00-05:00,145.88999938964844,146.83999633789062,143.92999267578125,145.85000610351562,141.66778564453125,5770500,0.0,0.0
2025-11-17 00:00:00-05:00,146.1199951171875,148.11000061035156,145.22000122070312,147.8300018310547,143.5909881591797,7320200,0.0,0.0
2025-11-18 00:00:00-05:00,148.3000030517578,149.8300018310547,147.4499969482422,148.77000427246094,144.50405883789062,10821500,0.0,0.0
2025-11-19 00:00:00-05:00,148.3000030517578,148.8000030517578,146.69000244140625,147.11000061035156,142.8916473388672,8123200,0.0,0.0
2025-11-20 00:00:00-05:00,146.60000610351562,147.0800018310547,144.89999389648438,146.10000610351562,141.9105987548828,6878900,0.0,0.0
2025-11-21 00:00:00-05:00,146.27999877929688,148.94000244140625,145.97999572753906,146.3300018310547,142.13401794433594,7911800,0.0,0.0
2025-11-24 00:00:00-05:00,145.8300018310547,146.33999633789062,144.75999450683594,145.5,141.3278045654297,9391400,0.0,0.0
2025-11-25 00:00:00-05:00,145.92999267578125,147.1199951171875,145.57000732421875,146.11000061035156,141.92030334472656,8954000,0.0,0.0
2025-11-26 00:00:00-05:00,146.32000732421875,148.47000122070312,146.22999572753906,147.97999572753906,143.7366943359375,5180600,0.0,0.0
2025-11-28 00:00:00-05:00,147.22999572753906,148.82000732421875,147.22999572753906,148.74000549316406,144.4748992919922,2969300,0.0,0.0
2025-12-01 00:00:00-05:00,148.6300048828125,149.82000732421875,148.50999450683594,149.50999450683594,145.22280883789062,7623300,0.0,0.0
2025-12-02 00:00:00-05:00,149.4600067138672,149.50999450683594,146.52999877929688,148.61000061035156,144.3486328125,6830300,0.0,0.0
2025-12-03 00:00:00-05:00,148.69000244140625,150.6999969482422,147.91000366210938,148.05999755859375,143.81439208984375,5109200,0.0,0.0
2025-12-04 00:00:00-05:00,147.75,148.25,146.1300048828125,146.91000366210938,142.6973876953125,6803000,0.0,0.0
2025-12-05 00:00:00-05:00,145.6199951171875,145.8000030517578,144.50999450683594,145.02000427246094,142.2393341064453,5971300,1.423,0.0
2025-12-08 00:00:00-05:00,145.00999450683594,146.55999755859375,144.1999969482422,145.6300048828125,142.837646484375,6327400,0.0,0.0
2025-12-09 00:00:00-05:00,146.35000610351562,147.55999755859375,143.91000366210938,144.63999938964844,141.86660766601562,10035200,0.0,0.0
2025-12-10 00:00:00-05:00,147.77000427246094,149.77999877929688,147.0,149.6999969482422,146.82958984375,18526400,0.0,0.0
2025-12-11 00:00:00-05:00,150.14999389648438,150.88999938964844,148.1300048828125,149.0399932861328,146.1822509765625,7854000,0.0,0.0
2025-12-12 00:00:00-05:00,149.75,150.6699981689453,148.74000549316406,150.64999389648438,147.76138305664062,8143100,0.0,0.0
2025-12-15 00:00:00-05:00,150.94000244140625,151.6999969482422,150.27999877929688,151.22000122070312,148.32044982910156,8409600,0.0,0.0
2025-12-16 00:00:00-05:00,151.99000549316406,152.35000610351562,149.99000549316406,150.3699951171875,147.4867401123047,7520300,0.0,0.0
2025-12-17 00:00:00-05:00,150.3800048828125,151.24000549316406,149.47999572753906,150.0800018310547,147.2023162841797,8067100,0.0,0.0
2025-12-18 00:00:00-05:00,149.8000030517578,150.3699951171875,149.25,149.3699951171875,146.5059356689453,6643200,0.0,0.0
2025-12-19 00:00:00-05:00,149.14999389648438,149.88999938964844,147.89999389648438,148.16000366210938,145.3191375732422,17543500,0.0,0.0
2025-12-22 00:00:00-05:00,147.52999877929688,148.97999572753906,146.41000366210938,147.0500030517578,144.2304229736328,8818700,0.0,0.0
2025-12-23 00:00:00-05:00,147.19000244140625,147.19000244140625,143.55999755859375,143.67999267578125,140.92503356933594,7254800,0.0,0.0
2025-12-24 00:00:00-05:00,143.7899932861328,143.99000549316406,142.9499969482422,143.74000549316406,140.98388671875,2618700,0.0,0.0
2025-12-26 00:00:00-05:00,143.55999755859375,143.94000244140625,143.08999633789062,143.77999877929688,141.0231170654297,4975500,0.0,0.0
2025-12-29 00:00:00-05:00,143.74000549316406,145.0500030517578,143.60000610351562,144.24000549316406,141.47430419921875,7201900,0.0,0.0
2025-12-30 00:00:00-05:00,143.97000122070312,145.27000427246094,143.9199981689453,144.16000366210938,141.3958282470703,4713800,0.0,0.0
2025-12-31 00:00:00-05:00,143.8300018310547,144.02999877929688,143.16000366210938,143.52000427246094,140.76809692382812,4380300,0.0,0.0
2026-01-02 00:00:00-05:00,143.22000122070312,143.41000366210938,142.10000610351562,142.22999572753906,139.50282287597656,7182100,0.0,0.0
2026-01-05 00:00:00-05:00,141.66000366210938,141.80999755859375,139.39999389648438,139.9199981689453,137.2371368408203,9031400,0.0,0.0
2026-01-06 00:00:00-05:00,139.67999267578125,140.05999755859375,138.57000732421875,138.9600067138672,136.29554748535156,9576500,0.0,0.0
2026-01-07 00:00:00-05:00,139.22000122070312,139.8300018310547,136.9600067138672,137.00999450683594,134.38291931152344,8539800,0.0,0.0
2026-01-08 00:00:00-05:00,136.57000732421875,139.47999572753906,136.00999450683594,139.3699951171875,136.69766235351562,8762800,0.0,0.0
2026-01-09 00:00:00-05:00,139.44000244140625,140.7899932861328,138.6999969482422,139.91000366210938,137.22731018066406,6767600,0.0,0.0
2026-01-12 00:00:00-05:00,139.91000366210938,141.50999450683594,138.55999755859375,141.36000061035156,138.64952087402344,12223400,0.0,0.0
2026-01-13 00:00:00-05:00,141.10000610351562,143.64999389648438,141.0399932861328,143.47999572753906,140.72886657714844,9030200,0.0,0.0
2026-01-14 00:00:00-05:00,143.13999938964844,146.3000030517578,143.13999938964844,145.9199981689453,143.12208557128906,8329500,0.0,0.0
2026-01-15 00:00:00-05:00,146.05999755859375,147.02000427246094,145.52999877929688,146.57000732421875,143.75961303710938,5797800,0.0,0.0
2026-01-16 00:00:00-05:00,147.16000366210938,147.5500030517578,145.50999450683594,146.32000732421875,143.51441955566406,10313500,0.0,0.0
2026-01-20 00:00:00-05:00,146.22000122070312,147.66000366210938,144.32000732421875,147.66000366210938,144.82872009277344,9982800,0.0,0.0
2026-01-21 00:00:00-05:00,147.0500030517578,148.00999450683594,144.94000244140625,146.74000549316406,143.92636108398438,7679600,0.0,0.0
2026-01-22 00:00:00-05:00,146.67999267578125,147.1300048828125,144.1699981689453,144.39999389648438,141.6312255859375,8167400,0.0,0.0
2026-01-23 00:00:00-05:00,143.86000061035156,144.83999633789062,143.05999755859375,144.5800018310547,141.80776977539062,5870100,0.0,0.0
2026-01-26 00:00:00-05:00,144.8000030517578,145.9199981689453,144.13999938964844,145.8699951171875,143.0730438232422,6589600,0.0,0.0
2026-01-27 00:00:00-05:00,145.75,148.82000732421875,145.3300018310547,148.77999877929688,145.92724609375,7114900,0.0,0.0
2026-01-28 00:00:00-05:00,148.41000366210938,150.0399932861328,147.75999450683594,148.5,145.65260314941406,5954100,0.0,0.0
2026-01-29 00:00:00-05:00,148.83999633789062,150.86000061035156,148.44000244140625,148.69000244140625,145.83895874023438,9062300,0.0,0.0
2026-01-30 00:00:00-05:00,149.00999450683594,153.88999938964844,148.58999633789062,153.6300048828125,150.6842498779297,12641300,0.0,0.0
2026-02-02 00:00:00-05:00,154.05999755859375,156.6199951171875,153.19000244140625,155.1999969482422,152.22413635253906,14660500,0.0,0.0
2026-02-03 00:00:00-05:00,156.60000610351562,163.44000244140625,155.5,162.85000610351562,159.7274627685547,19096400,0.0,0.0
2026-02-04 00:00:00-05:00,164.88999938964844,167.94000244140625,164.1699981689453,166.17999267578125,162.99359130859375,13322900,0.0,0.0
2026-02-05 00:00:00-05:00,166.50999450683594,168.00999450683594,165.25,167.52999877929688,164.31771850585938,11038800,0.0,0.0
2026-02-06 00:00:00-05:00,167.4499969482422,170.75,167.25999450683594,170.49000549316406,167.22096252441406,10960400,0.0,0.0
2026-02-09 00:00:00-05:00,169.5,169.92999267578125,164.94000244140625,166.47000122070312,163.27804565429688,10316200,0.0,0.0
2026-02-10 00:00:00-05:00,165.75,167.41000366210938,163.74000549316406,166.97000122070312,163.76846313476562,10352500,0.0,0.0
2026-02-11 00:00:00-05:00,167.64999389648438,170.27000427246094,166.02000427246094,169.14999389648438,165.9066619873047,6733400,0.0,0.0
2026-02-12 00:00:00-05:00,169.75999450683594,171.47999572753906,167.08999633789062,167.1999969482422,163.99403381347656,9516300,0.0,0.0
2026-02-13 00:00:00-05:00,167.1999969482422,167.8800048828125,165.0,165.94000244140625,162.75820922851562,9286100,0.0,0.0
2026-02-17 00:00:00-05:00,166.1199951171875,167.5399932861328,160.80999755859375,161.9199981689453,158.81529235839844,8749800,0.0,0.0
2026-02-18 00:00:00-05:00,161.7899932861328,164.52999877929688,160.6300048828125,164.38999938964844,161.23793029785156,7239800,0.0,0.0
2026-02-19 00:00:00-05:00,164.38999938964844,165.0500030517578,163.1300048828125,164.58999633789062,161.43408203125,6155800,0.0,0.0
2026-02-20 00:00:00-05:00,164.64999389648438,164.97000122070312,163.02000427246094,164.94000244140625,161.7773895263672,4811800,0.0,0.0
2026-02-23 00:00:00-05:00,164.49000549316406,168.80999755859375,164.24000549316406,168.32000732421875,165.0925750732422,6801600,0.0,0.0
2026-02-24 00:00:00-05:00,168.22999572753906,169.7899932861328,167.77000427246094,169.5399932861328,166.28916931152344,6319800,0.0,0.0
2026-02-25 00:00:00-05:00,168.61000061035156,169.5,166.0,169.1699981689453,165.92626953125,6832700,0.0,0.0
2026-02-26 00:00:00-05:00,169.6300048828125,170.05999755859375,167.16000366210938,167.5800018310547,164.36676025390625,7219300,0.0,0.0
2026-02-27 00:00:00-05:00,168.3800048828125,170.27999877929688,167.82000732421875,169.74000549316406,166.4853515625,10585200,0.0,0.0
2026-03-02 00:00:00-05:00,169.0500030517578,169.5399932861328,167.13999938964844,167.27999877929688,164.072509765625,7264000,0.0,0.0
2026-03-03 00:00:00-05:00,166.5399932861328,167.22000122070312,163.6699981689453,164.91000366210938,161.74795532226562,6718100,0.0,0.0
2026-03-04 00:00:00-05:00,165.0399932861328,165.92999267578125,163.3699951171875,163.9199981689453,160.77694702148438,6855400,0.0,0.0
2026-03-05 00:00:00-05:00,162.16000366210938,163.39999389648438,160.16000366210938,160.6999969482422,157.61868286132812,7133700,0.0,0.0
2026-03-06 00:00:00-05:00,158.25,159.52999877929688,156.08999633789062,159.42999267578125,157.77008056640625,5937900,1.423,0.0
2026-03-09 00:00:00-04:00,159.1699981689453,162.42999267578125,158.10000610351562,161.52999877929688,159.8482208251953,6416000,0.0,0.0
2026-03-10 00:00:00-04:00,160.6999969482422,162.86000061035156,159.58999633789062,160.77999877929688,159.1060333251953,5341300,0.0,0.0
2026-03-11 00:00:00-04:00,160.30999755859375,160.91000366210938,157.88999938964844,160.14999389648438,158.4825897216797,4359700,0.0,0.0
2026-03-12 00:00:00-04:00,158.8699951171875,161.5399932861328,158.69000244140625,158.86000061035156,157.20602416992188,6165600,0.0,0.0
2026-03-13 00:00:00-04:00,159.77999877929688,161.50999450683594,159.24000549316406,159.8800048828125,158.2154083251953,4676800,0.0,0.0
2026-03-16 00:00:00-04:00,161.36000061035156,161.5800018310547,157.5399932861328,157.72000122070312,156.07789611816406,4498700,0.0,0.0
2026-03-17 00:00:00-04:00,158.8300018310547,159.11000061035156,156.2899932861328,156.5,154.87059020996094,5460200,0.0,0.0
2026-03-18 00:00:00-04:00,155.25,156.1199951171875,153.2899932861328,153.5399932861328,151.94140625,5124400,0.0,0.0
2026-03-19 00:00:00-04:00,153.75,154.67999267578125,152.66000366210938,152.74000549316406,151.14974975585938,5555500,0.0,0.0
2026-03-20 00:00:00-04:00,152.4499969482422,153.41000366210938,149.33999633789062,150.0399932861328,148.47784423828125,14480700,0.0,0.0
2026-03-23 00:00:00-04:00,152.3000030517578,152.3000030517578,149.94000244140625,150.8800048828125,149.30911254882812,6783000,0.0,0.0
2026-03-24 00:00:00-04:00,150.4499969482422,152.5800018310547,150.1999969482422,150.58999633789062,149.02212524414062,5803700,0.0,0.0
2026-03-25 00:00:00-04:00,151.3000030517578,151.83999633789062,149.02999877929688,151.72999572753906,150.15025329589844,4978500,0.0,0.0
2026-03-26 00:00:00-04:00,151.92999267578125,153.14999389648438,150.6699981689453,150.8300018310547,149.25962829589844,5677100,0.0,0.0
2026-03-27 00:00:00-04:00,151.13999938964844,154.5399932861328,150.47000122070312,153.0399932861328,151.4466094970703,6663600,0.0,0.0
2026-03-30 00:00:00-04:00,153.82000732421875,158.38999938964844,153.3699951171875,156.82000732421875,155.18727111816406,10386800,0.0,0.0
2026-03-31 00:00:00-04:00,157.6699981689453,157.6699981689453,154.1699981689453,155.2899932861328,153.67318725585938,8033800,0.0,0.0
2026-04-01 00:00:00-04:00,153.5500030517578,155.14999389648438,153.25999450683594,154.64999389648438,153.0398406982422,5412600,0.0,0.0
2026-04-02 00:00:00-04:00,154.66000366210938,157.05999755859375,154.22000122070312,157.00999450683594,155.37527465820312,5410000,0.0,0.0
2026-04-06 00:00:00-04:00,156.41000366210938,156.86000061035156,155.39999389648438,156.72999572753906,155.0981903076172,3562500,0.0,0.0
2026-04-07 00:00:00-04:00,156.17999267578125,156.5399932861328,152.57000732421875,153.2100067138672,151.61485290527344,5151100,0.0,0.0
2026-04-08 00:00:00-04:00,151.8800048828125,154.82000732421875,151.75,154.8000030517578,153.18829345703125,6878500,0.0,0.0
2026-04-09 00:00:00-04:00,153.6999969482422,158.00999450683594,153.25,157.49000549316406,155.8502960205078,4339400,0.0,0.0
2026-04-10 00:00:00-04:00,157.16000366210938,157.7899932861328,156.3300018310547,157.05999755859375,155.4247589111328,4412700,0.0,0.0
2026-04-13 00:00:00-04:00,156.99000549316406,157.02999877929688,154.9499969482422,155.8800048828125,154.25704956054688,5827800,0.0,0.0
2026-04-14 00:00:00-04:00,154.50999450683594,156.6300048828125,154.2899932861328,155.72000122070312,154.0987091064453,5655800,0.0,0.0
2026-04-15 00:00:00-04:00,155.02000427246094,155.75999450683594,153.33999633789062,154.85000610351562,153.23777770996094,7684800,0.0,0.0
2026-04-16 00:00:00-04:00,155.5399932861328,159.7899932861328,154.25999450683594,158.3800048828125,156.73101806640625,10422100,0.0,0.0
2026-04-17 00:00:00-04:00,158.25999450683594,160.02999877929688,156.47000122070312,157.6699981689453,156.02841186523438,7799900,0.0,0.0
2026-04-20 00:00:00-04:00,158.74000549316406,158.83999633789062,155.83999633789062,156.99000549316406,155.35549926757812,5731000,0.0,0.0
2026-04-21 00:00:00-04:00,156.74000549316406,157.0399932861328,153.72999572753906,154.9199981689453,153.30703735351562,6357300,0.0,0.0
2026-04-22 00:00:00-04:00,155.0800018310547,157.22000122070312,153.5500030517578,153.7899932861328,152.1887969970703,5921300,0.0,0.0
2026-04-23 00:00:00-04:00,155.16000366210938,156.61000061035156,154.57000732421875,155.6999969482422,154.07891845703125,6077600,0.0,0.0
2026-04-24 00:00:00-04:00,155.92999267578125,156.27999877929688,154.66000366210938,155.44000244140625,153.82162475585938,5364900,0.0,0.0
2026-04-27 00:00:00-04:00,155.52999877929688,156.64999389648438,154.0,154.10000610351562,152.49559020996094,4077000,0.0,0.0
2026-04-28 00:00:00-04:00,156.8000030517578,158.11000061035156,155.32000732421875,156.2899932861328,154.6627655029297,5174300,0.0,0.0
2026-04-29 00:00:00-04:00,155.58999633789062,156.49000549316406,153.47999572753906,155.2899932861328,153.67318725585938,4047600,0.0,0.0
2026-04-30 00:00:00-04:00,155.97999572753906,159.0,155.27999877929688,158.49000549316406,156.83987426757812,7065100,0.0,0.0
2026-05-01 00:00:00-04:00,159.5500030517578,160.0,156.42999267578125,157.41000366210938,155.7711181640625,4447300,0.0,0.0
2026-05-04 00:00:00-04:00,155.89999389648438,156.72999572753906,153.6699981689453,154.58999633789062,152.98046875,5330800,0.0,0.0
2026-05-05 00:00:00-04:00,154.0500030517578,156.30999755859375,152.5399932861328,155.0399932861328,153.42578125,6200100,0.0,0.0
2026-05-06 00:00:00-04:00,155.8000030517578,156.92999267578125,154.8699951171875,155.9600067138672,154.33621215820312,5296600,0.0,0.0
2026-05-07 00:00:00-04:00,155.00999450683594,157.35000610351562,154.8800048828125,156.2899932861328,154.6627655029297,4464000,0.0,0.0
2026-05-08 00:00:00-04:00,156.75,157.3000030517578,154.3800048828125,154.6199951171875,153.01016235351562,4934400,0.0,0.0
2026-05-11 00:00:00-04:00,154.38999938964844,154.6999969482422,149.05999755859375,149.41000366210938,147.8544158935547,8373300,0.0,0.0
2026-05-12 00:00:00-04:00,150.5399932861328,152.72000122070312,148.36000061035156,151.85000610351562,150.26901245117188,6250700,0.0,0.0
2026-05-13 00:00:00-04:00,150.69000244140625,153.24000549316406,148.9600067138672,149.27000427246094,147.7158660888672,5524900,0.0,0.0
2026-05-14 00:00:00-04:00,149.5,149.99000549316406,148.14999389648438,148.6699981689453,147.1221160888672,5022200,0.0,0.0
2026-05-15 00:00:00-04:00,149.55999755859375,150.11000061035156,148.19000244140625,149.1199951171875,147.5674285888672,6230600,0.0,0.0
2026-05-18 00:00:00-04:00,149.99000549316406,150.1199951171875,147.47999572753906,149.05999755859375,147.508056640625,8799400,0.0,0.0
2026-05-19 00:00:00-04:00,150.3000030517578,152.57000732421875,148.97000122070312,150.3699951171875,148.80441284179688,10093900,0.0,0.0
2026-05-20 00:00:00-04:00,149.57000732421875,150.64999389648438,148.38999938964844,149.2899932861328,147.73565673828125,7425800,0.0,0.0
2026-05-21 00:00:00-04:00,149.2899932861328,149.6699981689453,146.3800048828125,148.85000610351562,147.3002471923828,6123100,0.0,0.0
2026-05-22 00:00:00-04:00,149.41000366210938,150.83999633789062,148.5399932861328,150.57000732421875,149.00233459472656,7774400,0.0,0.0
2026-05-26 00:00:00-04:00,149.7100067138672,150.25,145.5,145.67999267578125,144.16323852539062,9059200,0.0,0.0
2026-05-27 00:00:00-04:00,146.27000427246094,148.91000366210938,145.6999969482422,147.74000549316406,146.20179748535156,7404500,0.0,0.0
2026-05-28 00:00:00-04:00,147.77000427246094,148.61000061035156,145.6199951171875,146.2899932861328,144.7668914794922,7625200,0.0,0.0
2026-05-29 00:00:00-04:00,145.13999938964844,146.77000427246094,143.5500030517578,144.19000244140625,142.6887664794922,12776400,0.0,0.0
2026-06-01 00:00:00-04:00,142.58999633789062,144.11000061035156,141.32000732421875,141.52000427246094,140.0465545654297,8077300,0.0,0.0
2026-06-02 00:00:00-04:00,141.5399932861328,142.88999938964844,140.80999755859375,142.0,140.5215606689453,7864700,0.0,0.0
2026-06-03 00:00:00-04:00,141.7899932861328,143.67999267578125,141.77000427246094,142.5399932861328,141.05592346191406,6225100,0.0,0.0
2026-06-04 00:00:00-04:00,144.86000061035156,145.6999969482422,141.2100067138672,142.14999389648438,140.6699981689453,8089800,0.0,0.0
2026-06-05 00:00:00-04:00,141.55999755859375,144.33999633789062,141.2100067138672,141.9199981689453,141.9199981689453,13226600,1.48,0.0
